customer_id,name,email,plan,industry,company_size,signup_source,account_age_days,logins_per_week,features_used,support_tickets,nps_score,subscription_status,payment_failure_count,invoice_count,total_spend_usd,last_invoice_days_ago,created_at
cus_UkspU14lakp2pr,Charlotte Chaudhry,charlotte.chaudhry113@corp.com,Pro,PropTech,51-200,product_hunt,167,14,10,0,6,active,0,1,99.0,0,2026-06-23
cus_UkspMemfVwYlk1,Elijah Johnson,elijah.johnson297@corp.com,Starter,HRTech,201-1000,content,376,3,6,0,5,active,0,1,29.0,0,2026-06-23
cus_Ukspk4h1108LSd,Zara Brown,zara.brown453@venture.ai,Starter,FinTech,11-50,referral,312,3,6,2,5,canceled,0,1,29.0,0,2026-06-23
cus_UkspVks2l1vQTe,Rohan Garcia,rohan.garcia423@startup.co,Starter,E-commerce,11-50,organic,349,4,4,1,5,active,0,1,29.0,0,2026-06-23
cus_UksorFNTLYGQ0m,Liam Brown,liam.brown704@company.io,Pro,FinTech,1000+,content,420,14,8,0,10,active,0,1,99.0,0,2026-06-23
cus_UksoBZDaxOZetu,Sneha Gupta,sneha.gupta070@company.io,Free,PropTech,11-50,referral,540,1,1,2,6,none,0,0,0.0,-1,2026-06-23
cus_UksooQH1UbZfHC,Noah Jones,noah.jones140@startup.co,Pro,FinTech,11-50,organic,358,13,10,0,7,active,0,1,99.0,0,2026-06-23
cus_Uksookwfe6p2IP,Amelia Moore,amelia.moore126@gmail.com,Free,AgriTech,201-1000,paid_search,657,0,0,1,6,none,0,0,0.0,-1,2026-06-23
cus_UksoV6zFmSFVf6,Liam Rao,liam.rao768@company.io,Starter,EdTech,51-200,organic,266,2,7,0,5,active,0,1,29.0,0,2026-06-23
cus_UksoYTslzdGbrI,Vikram Wilson,vikram.wilson340@company.io,Pro,PropTech,201-1000,paid_search,404,10,9,0,6,active,0,1,99.0,0,2026-06-23
cus_Ukso7dqhLHBPF8,Olivia Nair,olivia.nair659@tech.org,Free,PropTech,1000+,referral,582,0,0,0,3,none,0,0,0.0,-1,2026-06-23
cus_UksofruJXa5jc6,Ethan Jones,ethan.jones848@startup.co,Free,MarTech,1000+,social,671,0,1,2,5,none,0,0,0.0,-1,2026-06-23
cus_UksoGnemBnDiMm,Aisha Johnson,aisha.johnson609@startup.co,Free,LegalTech,51-200,referral,514,4,2,1,4,none,0,0,0.0,-1,2026-06-23
cus_UksodKKdQDdFZj,Zara Joshi,zara.joshi227@venture.ai,Pro,FinTech,11-50,referral,401,13,8,0,7,active,0,1,99.0,0,2026-06-23
cus_UksoSGR3CbjGMg,Priya Kumar,priya.kumar336@company.io,Starter,MarTech,1000+,content,201,2,2,1,5,active,0,1,29.0,0,2026-06-23
cus_UksoL2kZRkwTwU,Bilal Miller,bilal.miller364@startup.co,Starter,PropTech,1-10,social,725,1,2,0,4,active,0,1,29.0,0,2026-06-23
cus_Uksol3zMXZxd0t,Emma Johnson,emma.johnson335@venture.ai,Pro,MarTech,51-200,organic,131,10,11,0,6,canceled,0,1,99.0,0,2026-06-23
cus_UksomExuwJpfUQ,Mohammed Malik,mohammed.malik577@venture.ai,Free,MarTech,51-200,product_hunt,183,5,2,2,8,none,0,0,0.0,-1,2026-06-23
cus_UksojFLdBausra,Sneha Siddiqui,sneha.siddiqui202@venture.ai,Starter,EdTech,1000+,social,411,2,6,0,3,active,0,1,29.0,0,2026-06-23
cus_UksoFJIP9eMUKn,Dev Nair,dev.nair246@startup.co,Pro,HRTech,11-50,social,245,12,10,0,6,canceled,0,1,99.0,0,2026-06-23
cus_UksocXtFSMLRHr,Layla Malik,layla.malik741@venture.ai,Free,SaaS,201-1000,paid_search,85,0,5,2,5,none,0,0,0.0,-1,2026-06-23
cus_UksoJdzfICcT5k,Oliver Siddiqui,oliver.siddiqui849@tech.org,Starter,SaaS,51-200,social,584,0,5,0,6,canceled,0,1,29.0,0,2026-06-23
cus_Uksnpwj1mE5rSf,Ava Davis,ava.davis837@company.io,Pro,FinTech,1-10,content,540,9,2,0,8,active,0,1,99.0,0,2026-06-23
cus_Uksns6r17wyuCk,Mia Moore,mia.moore438@company.io,Starter,MarTech,11-50,content,299,8,7,0,5,canceled,0,1,29.0,0,2026-06-23
cus_UksnRNdJCFJtYO,Pooja Khan,pooja.khan372@gmail.com,Starter,EdTech,51-200,social,377,1,5,1,6,active,0,1,29.0,0,2026-06-23
cus_UksnNTwlbPR8Mr,Aisha Williams,aisha.williams885@startup.co,Free,PropTech,201-1000,product_hunt,139,0,1,2,6,none,0,0,0.0,-1,2026-06-23
cus_UksnZDYXwYaDdD,Aisha Moore,aisha.moore294@startup.co,Free,LegalTech,1000+,organic,122,1,0,0,4,none,0,0,0.0,-1,2026-06-23
cus_UksnR80eaYpB9b,Nour Garcia,nour.garcia973@gmail.com,Starter,LegalTech,201-1000,product_hunt,267,3,2,0,1,active,0,1,29.0,0,2026-06-23
cus_UksnGzzxDoeqfi,Nour Ali,nour.ali642@company.io,Pro,SaaS,51-200,referral,440,5,8,0,4,active,0,1,99.0,0,2026-06-23
cus_Uksn1GjGZBtoCf,Elijah Garcia,elijah.garcia940@corp.com,Pro,EdTech,51-200,organic,658,6,11,1,3,active,0,1,99.0,0,2026-06-23
cus_UksnWk05JRgBhn,Hassan Patel,hassan.patel746@gmail.com,Starter,HealthTech,1-10,referral,344,5,2,2,9,active,0,1,29.0,0,2026-06-23
cus_UksnxbfhbbB7Ef,Charlotte Siddiqui,charlotte.siddiqui747@corp.com,Free,PropTech,11-50,paid_search,289,0,1,0,0,none,0,0,0.0,-1,2026-06-23
cus_UksnRjLr2lVfXz,Harper Iyer,harper.iyer510@gmail.com,Starter,EdTech,51-200,social,115,7,2,1,8,active,0,1,29.0,0,2026-06-23
cus_UksnhaLCoVhUpx,Meera Davis,meera.davis985@venture.ai,Starter,LegalTech,11-50,paid_search,572,8,3,0,4,canceled,0,1,29.0,0,2026-06-23
cus_UksnwbkShwywXH,Oliver Chaudhry,oliver.chaudhry950@company.io,Free,LegalTech,1000+,social,644,2,0,2,6,none,0,0,0.0,-1,2026-06-23
cus_UksnQb9N8rVJJy,Bilal Nair,bilal.nair854@tech.org,Free,HealthTech,1000+,organic,494,4,3,1,5,none,0,0,0.0,-1,2026-06-23
cus_UksnbIcFbpw1ly,Sophia Gupta,sophia.gupta678@corp.com,Pro,HealthTech,1000+,content,117,7,6,0,7,active,0,1,99.0,0,2026-06-23
cus_UksnJ2LSdfRfkX,Emma Jones,emma.jones954@startup.co,Free,AgriTech,1-10,content,636,1,1,1,4,none,0,0,0.0,-1,2026-06-23
cus_Uksnfp8015d9H3,Bilal Ahmed,bilal.ahmed442@gmail.com,Free,HealthTech,201-1000,organic,400,3,0,0,5,none,0,0,0.0,-1,2026-06-23
cus_UksnQrBuuyQNL7,Isabella Joshi,isabella.joshi084@tech.org,Pro,EdTech,1-10,product_hunt,415,5,12,0,9,active,0,1,99.0,0,2026-06-23
cus_UksmTB42GrH5wz,Oliver Ali,oliver.ali251@venture.ai,Starter,LegalTech,51-200,product_hunt,77,2,9,0,5,active,0,1,29.0,0,2026-06-23
cus_UksmM1BifNffCe,Logan Hassan,logan.hassan030@company.io,Free,EdTech,1000+,paid_search,705,1,0,3,5,none,0,0,0.0,-1,2026-06-23
cus_Uksmv84RwbRoCo,Harper Jones,harper.jones299@venture.ai,Starter,HealthTech,1000+,referral,633,1,5,0,7,active,0,1,29.0,0,2026-06-23
cus_UksmhRZTVLiDVL,Noah Siddiqui,noah.siddiqui202@tech.org,Pro,SaaS,201-1000,content,107,9,8,0,5,active,0,1,99.0,0,2026-06-23
cus_UksmdMRsuEeWi9,Pooja Gupta,pooja.gupta028@tech.org,Free,SaaS,11-50,paid_search,521,0,3,0,4,none,0,0,0.0,-1,2026-06-23
cus_UksmDrtPQYUg4O,Logan Nair,logan.nair227@startup.co,Free,LegalTech,51-200,paid_search,628,0,0,2,4,none,0,0,0.0,-1,2026-06-23
cus_UksmlNaz1XuA5C,Ava Hassan,ava.hassan169@company.io,Free,HRTech,201-1000,social,130,0,0,0,7,none,0,0,0.0,-1,2026-06-23
cus_Uksm6wtq4iCwd5,Olivia Davis,olivia.davis889@tech.org,Starter,SaaS,201-1000,content,194,3,3,1,7,active,0,1,29.0,0,2026-06-23
cus_UksmjcJMLbNj5A,Sneha Smith,sneha.smith350@tech.org,Pro,EdTech,51-200,referral,693,6,7,0,7,active,0,1,99.0,0,2026-06-23
cus_Uksmj2GOHpS6Ws,Ananya Sheikh,ananya.sheikh782@corp.com,Free,HealthTech,51-200,content,420,0,0,0,4,none,0,0,0.0,-1,2026-06-23
cus_UksmM6XlobokKc,Liam Ali,liam.ali352@gmail.com,Free,MarTech,1000+,organic,577,1,0,1,4,none,0,0,0.0,-1,2026-06-23
cus_UksmYleT3m3xMH,Aiden Williams,aiden.williams944@company.io,Free,LegalTech,201-1000,paid_search,68,7,3,0,4,none,0,0,0.0,-1,2026-06-23
cus_Uksm7nE1IN6fIm,Yusuf Smith,yusuf.smith415@venture.ai,Enterprise,LegalTech,1-10,content,580,13,12,0,6,active,0,1,299.0,0,2026-06-23
cus_Uksmn2v4oNONEq,Dev Wilson,dev.wilson554@startup.co,Pro,MarTech,11-50,paid_search,146,7,8,1,5,active,0,1,99.0,0,2026-06-23
cus_UksmI0FkX2TUt9,Layla Mehta,layla.mehta326@venture.ai,Starter,AgriTech,11-50,organic,663,10,4,0,5,canceled,0,1,29.0,0,2026-06-23
cus_UksmdGXbK6ouLT,Layla Davis,layla.davis502@tech.org,Starter,EdTech,51-200,paid_search,355,8,4,0,4,canceled,0,1,29.0,0,2026-06-23
cus_Uksm56w28ksVTP,Charlotte Jones,charlotte.jones095@company.io,Starter,AgriTech,51-200,social,599,8,9,1,6,active,0,1,29.0,0,2026-06-23
cus_UksmZouBhp1tEQ,Sneha Hussein,sneha.hussein216@company.io,Pro,HealthTech,11-50,content,260,5,6,0,10,active,0,1,99.0,0,2026-06-23
cus_UksmeIiB9g4rUO,Harper Ahmed,harper.ahmed350@venture.ai,Starter,MarTech,11-50,product_hunt,553,1,0,0,9,active,0,1,29.0,0,2026-06-23
cus_Uksm7jS9DTyC8m,Logan Sheikh,logan.sheikh818@startup.co,Free,SaaS,11-50,content,286,6,3,1,7,none,0,0,0.0,-1,2026-06-23
cus_Uksls2rjpN1BEq,Vikram Khan,vikram.khan501@gmail.com,Starter,E-commerce,11-50,paid_search,713,4,0,0,9,active,0,1,29.0,0,2026-06-23
cus_Uksly6Y8YV0aaW,Nour Ahmed,nour.ahmed915@venture.ai,Starter,HRTech,1-10,paid_search,244,4,7,0,1,canceled,0,1,29.0,0,2026-06-23
cus_Uksl2rm36i4VbL,Amelia Singh,amelia.singh685@corp.com,Starter,SaaS,51-200,content,284,12,3,0,6,active,0,1,29.0,0,2026-06-23
cus_UkslcdXb6Va5fC,Zara Mehta,zara.mehta713@company.io,Pro,AgriTech,1000+,paid_search,473,14,6,1,5,active,0,1,99.0,0,2026-06-23
cus_UkslEfqWaCHFzd,Priya Brown,priya.brown746@gmail.com,Starter,SaaS,11-50,social,225,5,4,0,3,active,0,1,29.0,0,2026-06-23
cus_UkslVBEKvbj4ae,Aisha Joshi,aisha.joshi742@venture.ai,Pro,EdTech,11-50,organic,328,9,10,1,5,active,0,1,99.0,0,2026-06-23
cus_Ukslj3GyRs9COo,Elijah Sheikh,elijah.sheikh734@corp.com,Pro,FinTech,11-50,organic,402,10,12,0,5,active,0,1,99.0,0,2026-06-23
cus_UkslBImnYr2SxH,Noah Brown,noah.brown968@tech.org,Free,SaaS,11-50,content,699,1,2,0,3,none,0,0,0.0,-1,2026-06-23
cus_UkslXTWI3gHa6r,Elijah Joshi,elijah.joshi450@corp.com,Free,PropTech,201-1000,paid_search,314,2,6,0,5,none,0,0,0.0,-1,2026-06-23
cus_Ukslre6HXZi51Y,Logan Sheikh,logan.sheikh544@company.io,Free,HealthTech,1-10,social,424,4,0,1,4,none,0,0,0.0,-1,2026-06-23
cus_UkslaJDUfwtwAR,Layla Hussein,layla.hussein566@startup.co,Free,LegalTech,11-50,social,724,1,0,1,9,none,0,0,0.0,-1,2026-06-23
cus_Ukslz2VhFshsAl,Rahul Garcia,rahul.garcia919@venture.ai,Enterprise,FinTech,201-1000,social,612,11,10,0,5,active,0,1,299.0,0,2026-06-23
cus_UkslLRtJXOPwb8,Amelia Sheikh,amelia.sheikh160@company.io,Free,HealthTech,1-10,social,497,0,5,1,2,none,0,0,0.0,-1,2026-06-23
cus_UkslFewhzHRmtF,Oliver Smith,oliver.smith927@corp.com,Free,HRTech,51-200,referral,127,4,0,1,6,none,0,0,0.0,-1,2026-06-23
cus_UkslBjxspTD7FW,Omar Williams,omar.williams208@startup.co,Pro,E-commerce,51-200,paid_search,122,9,7,0,8,active,0,1,99.0,0,2026-06-23
cus_Uksl0bbhSjzYLx,Ava Patel,ava.patel642@company.io,Starter,E-commerce,1-10,organic,565,4,2,1,6,active,0,1,29.0,0,2026-06-23
cus_UkslTu6dhwHVa1,Lucas Khan,lucas.khan562@gmail.com,Pro,FinTech,201-1000,referral,460,5,8,0,5,canceled,0,1,99.0,0,2026-06-23
cus_Uksl7Oln9xJuZo,Bilal Johnson,bilal.johnson412@corp.com,Free,HealthTech,11-50,content,79,0,0,3,5,none,0,0,0.0,-1,2026-06-23
cus_Uksk6Gxx848Qvt,Noah Davis,noah.davis136@tech.org,Starter,E-commerce,201-1000,content,443,6,13,0,6,canceled,0,1,29.0,0,2026-06-23
cus_UkskAc1o8hAIpX,Omar Nair,omar.nair753@corp.com,Free,HealthTech,51-200,social,422,1,3,3,6,none,0,0,0.0,-1,2026-06-23
cus_UkskkeUoSRwKJV,Mohammed Singh,mohammed.singh750@startup.co,Starter,E-commerce,11-50,referral,469,8,5,0,1,active,0,1,29.0,0,2026-06-23
cus_Uksk5EjUcmyAIo,Olivia Sharma,olivia.sharma517@company.io,Free,FinTech,11-50,product_hunt,370,1,1,1,8,none,0,0,0.0,-1,2026-06-23
cus_Ukskachy8gXDaC,Layla Moore,layla.moore459@startup.co,Starter,PropTech,11-50,paid_search,420,0,8,2,10,active,0,1,29.0,0,2026-06-23
cus_Uksk4J7aL0kl2v,Vikram Malik,vikram.malik485@gmail.com,Starter,AgriTech,1-10,social,344,7,3,0,4,active,0,1,29.0,0,2026-06-23
cus_UkskSAHHMqRl9L,Evelyn Siddiqui,evelyn.siddiqui128@corp.com,Enterprise,HealthTech,51-200,content,549,17,17,0,7,active,0,1,299.0,0,2026-06-23
cus_UkskmExqfL5NVa,Fatima Moore,fatima.moore983@venture.ai,Pro,EdTech,1000+,content,701,9,12,0,7,active,0,1,99.0,0,2026-06-23
cus_UkskkyVnSCFviZ,Amelia Ali,amelia.ali217@venture.ai,Pro,E-commerce,1000+,social,374,8,11,0,2,active,0,1,99.0,0,2026-06-23
cus_UksksFr9anf99J,Pooja Moore,pooja.moore998@tech.org,Pro,SaaS,1000+,product_hunt,253,7,3,0,7,active,0,1,99.0,0,2026-06-23
cus_UkskLQoeHYjXre,Liam Mehta,liam.mehta697@startup.co,Free,MarTech,201-1000,social,728,5,0,1,4,none,0,0,0.0,-1,2026-06-23
cus_UkskuoeKxaIksd,Aiden Moore,aiden.moore866@company.io,Free,MarTech,201-1000,product_hunt,294,2,2,2,2,none,0,0,0.0,-1,2026-06-23
cus_Uksk7kaIIaFOXs,Amelia Patel,amelia.patel244@gmail.com,Free,PropTech,1000+,product_hunt,233,3,0,1,4,none,0,0,0.0,-1,2026-06-23
cus_UkskgSbTqGVPrb,Omar Malik,omar.malik801@tech.org,Starter,EdTech,1-10,referral,87,6,7,0,5,active,0,1,29.0,0,2026-06-23
cus_UkskyBObwypxrN,Isabella Jones,isabella.jones461@venture.ai,Pro,EdTech,201-1000,content,130,8,13,0,5,active,0,1,99.0,0,2026-06-23
cus_UkskhQKZF8kmhC,Oliver Singh,oliver.singh808@startup.co,Free,MarTech,51-200,paid_search,441,4,0,1,8,none,0,0,0.0,-1,2026-06-23
cus_UkskmdVHYZF8Wt,Lucas Nair,lucas.nair265@corp.com,Starter,PropTech,1-10,referral,132,5,0,2,2,active,0,1,29.0,0,2026-06-23
cus_UksjMWshAZCo94,Aiden Singh,aiden.singh765@gmail.com,Enterprise,LegalTech,1-10,social,98,11,12,0,6,active,0,1,299.0,0,2026-06-23
cus_UksjcK1AiBguGr,Olivia Garcia,olivia.garcia496@venture.ai,Starter,AgriTech,51-200,paid_search,489,10,4,1,7,canceled,0,1,29.0,0,2026-06-23
cus_Uksjq5TIZKJWL2,Yusuf Khan,yusuf.khan380@gmail.com,Pro,AgriTech,1000+,product_hunt,458,12,6,1,5,active,0,1,99.0,0,2026-06-23
cus_UksjyuFzKuTurz,Amelia Nair,amelia.nair847@startup.co,Free,EdTech,1000+,organic,261,6,3,1,4,none,0,0,0.0,-1,2026-06-23
cus_UksjaRvxi4VNIB,Evelyn Malik,evelyn.malik333@tech.org,Free,HealthTech,201-1000,organic,148,0,4,1,4,none,0,0,0.0,-1,2026-06-23
cus_UksjILPgi1rNv8,Aisha Sheikh,aisha.sheikh640@venture.ai,Free,EdTech,11-50,content,615,0,2,1,5,none,0,0,0.0,-1,2026-06-23
cus_Uksjx5qr41y81q,Meera Ali,meera.ali945@company.io,Enterprise,SaaS,51-200,content,61,18,19,0,8,active,0,1,299.0,0,2026-06-23
cus_Uksjlk1BSLYCOu,Rahul Williams,rahul.williams013@gmail.com,Pro,FinTech,1000+,organic,196,10,8,1,7,active,0,1,99.0,0,2026-06-23
cus_UksjSxjD6AS5Zz,Lucas Hassan,lucas.hassan435@corp.com,Free,FinTech,201-1000,product_hunt,292,4,2,1,0,none,0,0,0.0,-1,2026-06-23
cus_Uksj1CRwxjKHkf,Hassan Brown,hassan.brown180@startup.co,Enterprise,HRTech,201-1000,organic,256,16,13,0,6,active,0,1,299.0,0,2026-06-23
cus_UksjJlaxH4eEKA,Zara Sheikh,zara.sheikh075@venture.ai,Starter,AgriTech,1-10,referral,711,6,7,0,5,active,0,1,29.0,0,2026-06-23
cus_UksjkMrXH5tOnq,Zara Brown,zara.brown796@corp.com,Starter,HealthTech,1000+,content,435,3,7,2,5,active,0,1,29.0,0,2026-06-23
cus_UksjnwIqgttjWb,Priya Ahmed,priya.ahmed597@company.io,Free,SaaS,51-200,organic,163,4,6,1,4,none,0,0,0.0,-1,2026-06-23
cus_Uksj8bsIX4kW6B,Hassan Miller,hassan.miller402@company.io,Starter,EdTech,1-10,product_hunt,175,7,0,2,5,active,0,1,29.0,0,2026-06-23
cus_Uksj6Qr43WP1A6,Isabella Nair,isabella.nair158@company.io,Pro,HRTech,1000+,organic,87,13,4,0,10,active,0,1,99.0,0,2026-06-23
cus_UksjXOkq18IzIk,Omar Sharma,omar.sharma095@startup.co,Pro,AgriTech,11-50,referral,609,8,10,0,8,active,0,1,99.0,0,2026-06-23
cus_UksjCWTBEiq8Y5,Vikram Miller,vikram.miller797@tech.org,Free,HRTech,201-1000,product_hunt,170,0,0,1,10,none,0,0,0.0,-1,2026-06-23
cus_Uksj1mrAWjnERH,Arjun Miller,arjun.miller622@tech.org,Free,LegalTech,1000+,social,206,4,0,0,5,none,0,0,0.0,-1,2026-06-23
cus_UksjEtl6nLOUkQ,Ava Chaudhry,ava.chaudhry190@startup.co,Enterprise,AgriTech,201-1000,content,96,11,9,1,10,active,0,1,299.0,0,2026-06-23
cus_Uksid77O6EBZas,Ethan Brown,ethan.brown366@corp.com,Starter,AgriTech,1000+,paid_search,134,10,5,1,5,canceled,0,1,29.0,0,2026-06-23
cus_UksiTwBu9fvrqe,Aiden Ahmed,aiden.ahmed819@startup.co,Free,PropTech,1000+,content,181,2,4,0,4,none,0,0,0.0,-1,2026-06-23
cus_Uksicvep3o1Fbn,Vikram Brown,vikram.brown808@startup.co,Free,MarTech,1000+,organic,351,0,0,1,6,none,0,0,0.0,-1,2026-06-23
cus_UksiqaA6j9FP6t,Harper Wilson,harper.wilson320@startup.co,Starter,EdTech,11-50,product_hunt,272,9,0,0,8,active,0,1,29.0,0,2026-06-23
cus_UksiAFvmtdlfBg,Layla Kumar,layla.kumar563@gmail.com,Free,AgriTech,1000+,organic,267,1,0,1,4,none,0,0,0.0,-1,2026-06-23
cus_UksiKPB6s784yZ,Liam Sharma,liam.sharma294@gmail.com,Free,E-commerce,11-50,content,681,6,2,2,2,none,0,0,0.0,-1,2026-06-23
cus_Uksiilk7RQuBiG,Evelyn Hassan,evelyn.hassan757@company.io,Free,HealthTech,1-10,social,607,0,0,0,3,none,0,0,0.0,-1,2026-06-23
cus_UksiwqDZwCk94L,Elijah Garcia,elijah.garcia873@corp.com,Starter,FinTech,1000+,social,719,5,8,1,6,canceled,0,1,29.0,0,2026-06-23
cus_UksizrlTHTrO4V,Logan Garcia,logan.garcia622@venture.ai,Free,HRTech,51-200,organic,422,7,0,0,3,none,0,0,0.0,-1,2026-06-23
cus_UksipbeSuK7T3r,Elijah Mehta,elijah.mehta617@tech.org,Free,E-commerce,1-10,organic,398,3,0,2,7,none,0,0,0.0,-1,2026-06-23
cus_UksibYAWBGta8S,Emma Patel,emma.patel345@gmail.com,Free,MarTech,1000+,content,295,5,5,1,9,none,0,0,0.0,-1,2026-06-23
cus_UksimE0wbldLEB,Aiden Rahman,aiden.rahman610@venture.ai,Enterprise,HealthTech,1-10,referral,280,11,15,0,6,active,0,1,299.0,0,2026-06-23
cus_UksiCNI8oVQlxn,Nour Jones,nour.jones536@company.io,Starter,FinTech,51-200,content,580,4,7,0,5,active,0,1,29.0,0,2026-06-23
cus_Uksityb9XhIJVf,Noah Nair,noah.nair565@corp.com,Free,LegalTech,201-1000,content,104,4,2,1,5,none,0,0,0.0,-1,2026-06-23
cus_UksiTHbFIoz9hl,Fatima Singh,fatima.singh991@gmail.com,Starter,AgriTech,201-1000,paid_search,275,7,7,0,4,active,0,1,29.0,0,2026-06-23
cus_UksizMmjZwtJtf,Bilal Iyer,bilal.iyer826@venture.ai,Free,EdTech,201-1000,paid_search,596,1,0,1,4,none,0,0,0.0,-1,2026-06-23
cus_UksiHghw1kNMeY,Nour Khan,nour.khan539@gmail.com,Free,HRTech,11-50,referral,451,0,2,1,4,none,0,0,0.0,-1,2026-06-23
cus_UksiigFo7ZPMDz,Dev Hussein,dev.hussein506@gmail.com,Free,PropTech,51-200,content,170,4,0,0,2,none,0,0,0.0,-1,2026-06-23
cus_UksiIAPFfaw0h7,Layla Khan,layla.khan642@corp.com,Starter,FinTech,1-10,organic,261,4,5,0,6,canceled,0,1,29.0,0,2026-06-23
cus_Uksiu6sCHIYtyQ,Sneha Khan,sneha.khan740@venture.ai,Free,FinTech,1-10,referral,114,3,0,0,6,none,0,0,0.0,-1,2026-06-23
cus_UksiSQ1KCZKlgY,Pooja Smith,pooja.smith261@corp.com,Pro,MarTech,11-50,paid_search,671,14,13,0,7,canceled,0,1,99.0,0,2026-06-23
cus_Uksilvv3YMjP0I,Ananya Miller,ananya.miller355@startup.co,Starter,PropTech,51-200,content,577,10,3,0,6,canceled,0,1,29.0,0,2026-06-23
cus_UksiSn5xcXceDM,Omar Hassan,omar.hassan588@startup.co,Pro,FinTech,201-1000,content,442,8,15,0,10,active,0,1,99.0,0,2026-06-23
cus_UksiWXPpoBbsfX,Logan Ahmed,logan.ahmed524@company.io,Free,PropTech,1-10,content,285,1,4,2,3,none,0,0,0.0,-1,2026-06-23
cus_UkshjjmoMvsUIZ,Emma Sharma,emma.sharma960@tech.org,Starter,LegalTech,1-10,paid_search,581,7,4,0,3,active,0,1,29.0,0,2026-06-23
cus_UkshiRQRfm9XhI,Mia Miller,mia.miller467@venture.ai,Pro,EdTech,1-10,product_hunt,150,11,5,0,9,canceled,0,1,99.0,0,2026-06-23
cus_UkshB8vVs3PwXm,Yusuf Sheikh,yusuf.sheikh187@corp.com,Pro,MarTech,1-10,social,405,10,3,0,7,active,0,1,99.0,0,2026-06-23
cus_UkshB5bwOiVclR,Harper Johnson,harper.johnson745@venture.ai,Free,AgriTech,1-10,paid_search,255,1,5,2,6,none,0,0,0.0,-1,2026-06-23
cus_Uksheas6JfHeug,Liam Mehta,liam.mehta447@corp.com,Starter,PropTech,201-1000,referral,397,8,9,1,5,canceled,0,1,29.0,0,2026-06-23
cus_Ukshx1eXHgoRQy,Bilal Jones,bilal.jones911@venture.ai,Pro,MarTech,11-50,referral,458,7,7,0,7,active,0,1,99.0,0,2026-06-23
cus_Ukshcumz4D8x0D,Nour Garcia,nour.garcia632@gmail.com,Free,FinTech,11-50,paid_search,498,3,0,1,7,none,0,0,0.0,-1,2026-06-23
cus_UkshwF96CsC0bW,Yusuf Garcia,yusuf.garcia565@corp.com,Pro,AgriTech,201-1000,product_hunt,134,8,10,1,8,canceled,0,1,99.0,0,2026-06-23
cus_Ukshdb76tGqjbJ,Olivia Ali,olivia.ali537@corp.com,Free,EdTech,51-200,content,218,0,0,1,0,none,0,0,0.0,-1,2026-06-23
cus_UkshnsO9S8q1Kv,Noah Siddiqui,noah.siddiqui211@venture.ai,Free,SaaS,201-1000,social,147,1,3,2,0,none,0,0,0.0,-1,2026-06-23
cus_UkshOMwz0Wq8JI,Mason Sheikh,mason.sheikh530@company.io,Free,PropTech,51-200,organic,117,3,1,1,7,none,0,0,0.0,-1,2026-06-23
cus_UkshOoU3vMs6oU,Aisha Nair,aisha.nair553@venture.ai,Free,E-commerce,201-1000,organic,561,1,0,0,6,none,0,0,0.0,-1,2026-06-23
cus_Uksho5KL5yqm9Q,Arjun Garcia,arjun.garcia937@corp.com,Free,FinTech,1-10,organic,710,1,1,2,4,none,0,0,0.0,-1,2026-06-23
cus_UkshtfcMpz1Dio,Bilal Mehta,bilal.mehta573@corp.com,Starter,SaaS,1000+,content,489,1,3,2,4,active,0,1,29.0,0,2026-06-23
cus_UkshvNOx6LDxpU,Rahul Malik,rahul.malik613@corp.com,Free,MarTech,11-50,content,244,0,6,2,1,none,0,0,0.0,-1,2026-06-23
cus_UkshSHeMtnRnYn,Fatima Nair,fatima.nair155@startup.co,Starter,SaaS,11-50,content,678,5,2,0,9,active,0,1,29.0,0,2026-06-23
cus_UkshU6RaSUqK1x,Dev Malik,dev.malik913@venture.ai,Enterprise,EdTech,201-1000,paid_search,665,17,11,0,9,active,0,1,299.0,0,2026-06-23
cus_UkshTe8Qr3MaMi,Vikram Moore,vikram.moore464@venture.ai,Free,HealthTech,51-200,organic,312,0,2,1,6,none,0,0,0.0,-1,2026-06-23
cus_Uksh6mty6nP7Eh,Liam Moore,liam.moore513@company.io,Starter,HealthTech,51-200,paid_search,424,0,7,0,3,active,0,1,29.0,0,2026-06-23
cus_UkshvXVylACYi2,Sneha Hussein,sneha.hussein510@tech.org,Free,SaaS,1-10,product_hunt,485,1,3,1,7,none,0,0,0.0,-1,2026-06-23
cus_UksgJBz82GEktR,Zara Khan,zara.khan017@gmail.com,Starter,HealthTech,201-1000,paid_search,220,1,8,0,7,active,0,1,29.0,0,2026-06-23
cus_Uksgmu6qTsYoG1,Isabella Sheikh,isabella.sheikh029@startup.co,Enterprise,PropTech,11-50,paid_search,477,18,15,0,6,canceled,0,1,299.0,0,2026-06-23
cus_UksgzvFyXlE0mj,James Moore,james.moore371@tech.org,Free,FinTech,1000+,content,437,3,3,2,3,none,0,0,0.0,-1,2026-06-23
cus_Uksgi0VvnZcvlU,Mohammed Wilson,mohammed.wilson618@tech.org,Free,E-commerce,11-50,product_hunt,610,3,2,3,3,none,0,0,0.0,-1,2026-06-23
cus_UksgN5i3FQbd5F,Dev Singh,dev.singh863@corp.com,Starter,FinTech,1000+,organic,445,4,4,1,6,canceled,0,1,29.0,0,2026-06-23
cus_Uksg3A12S4v6JA,Layla Wilson,layla.wilson426@corp.com,Starter,MarTech,1-10,content,664,5,2,0,7,active,0,1,29.0,0,2026-06-23
cus_Uksgnl1VCyZGEa,Vikram Smith,vikram.smith868@tech.org,Starter,HealthTech,1-10,organic,594,9,5,0,5,canceled,0,1,29.0,0,2026-06-23
cus_UksghDqEwYdTpC,Liam Kumar,liam.kumar536@company.io,Free,AgriTech,201-1000,content,79,4,5,2,5,none,0,0,0.0,-1,2026-06-23
cus_UksgGjPqz8uTdY,Fatima Gupta,fatima.gupta189@corp.com,Enterprise,E-commerce,1000+,organic,530,17,18,0,10,active,0,1,299.0,0,2026-06-23
cus_UksgqgBuvUhKpp,Isabella Hassan,isabella.hassan212@corp.com,Starter,AgriTech,11-50,social,606,6,6,2,4,active,0,1,29.0,0,2026-06-23
cus_UksgkCJ4sXynkq,Aisha Sharma,aisha.sharma384@startup.co,Starter,PropTech,51-200,referral,275,5,2,0,5,canceled,0,1,29.0,0,2026-06-23
cus_Uksg9J7sVv92PJ,Aisha Miller,aisha.miller217@gmail.com,Free,PropTech,11-50,content,717,0,2,0,9,none,0,0,0.0,-1,2026-06-23
cus_UksgL7O2kr5twH,Sophia Sharma,sophia.sharma803@venture.ai,Starter,AgriTech,1000+,organic,291,0,0,1,5,active,0,1,29.0,0,2026-06-23
cus_UksgMW4CqAqAiQ,Evelyn Singh,evelyn.singh140@venture.ai,Free,LegalTech,201-1000,product_hunt,182,3,5,1,6,none,0,0,0.0,-1,2026-06-23
cus_UksgWyuYiT4Sdw,Vikram Moore,vikram.moore644@company.io,Free,HRTech,201-1000,product_hunt,256,1,5,0,3,none,0,0,0.0,-1,2026-06-23
cus_UksgoVe6U93LFg,Yusuf Miller,yusuf.miller873@company.io,Pro,AgriTech,51-200,referral,269,10,3,2,10,active,0,1,99.0,0,2026-06-23
cus_UksgO0vKiKgoJt,Oliver Malik,oliver.malik210@company.io,Free,AgriTech,1-10,referral,145,0,0,3,3,none,0,0,0.0,-1,2026-06-23
cus_UksgHBrV5DWqMF,Ethan Hassan,ethan.hassan655@corp.com,Free,EdTech,11-50,social,571,7,1,1,0,none,0,0,0.0,-1,2026-06-23
cus_UksgBUl689RyIW,Vikram Patel,vikram.patel098@corp.com,Free,HealthTech,51-200,organic,168,4,1,2,1,none,0,0,0.0,-1,2026-06-23
cus_UksgJKjx4hld7R,Evelyn Hassan,evelyn.hassan030@gmail.com,Starter,E-commerce,1-10,social,503,7,5,1,6,canceled,0,1,29.0,0,2026-06-23
cus_Uksga58ft9M0GM,Rohan Siddiqui,rohan.siddiqui840@gmail.com,Free,HealthTech,1000+,social,198,0,1,1,7,none,0,0,0.0,-1,2026-06-23
cus_Uksf1UcKYiZMiT,Sophia Hussein,sophia.hussein539@corp.com,Pro,FinTech,1-10,product_hunt,580,10,14,0,6,active,0,1,99.0,0,2026-06-23
cus_UksfMbZoeBjECc,Evelyn Ahmed,evelyn.ahmed944@company.io,Free,AgriTech,51-200,social,544,6,6,1,7,none,0,0,0.0,-1,2026-06-23
cus_UksfJM7tX1CPua,Dev Davis,dev.davis066@tech.org,Free,E-commerce,1-10,social,297,0,2,0,7,none,0,0,0.0,-1,2026-06-23
cus_UksfhFkcDk75Rn,Hassan Khan,hassan.khan506@corp.com,Free,HealthTech,11-50,social,332,2,0,2,1,none,0,0,0.0,-1,2026-06-23
cus_UksfZSnKaNc9mI,Harper Gupta,harper.gupta411@tech.org,Starter,HealthTech,201-1000,content,373,8,4,0,6,active,0,1,29.0,0,2026-06-23
cus_Uksf08toKk1Ih5,Olivia Kumar,olivia.kumar717@corp.com,Starter,MarTech,1-10,organic,68,6,3,3,2,active,0,1,29.0,0,2026-06-23
cus_Uksf51fZmIjcoC,Vikram Ali,vikram.ali369@startup.co,Free,FinTech,1000+,referral,191,7,0,0,5,none,0,0,0.0,-1,2026-06-23
cus_UksfCGChJ7nP60,Nour Hassan,nour.hassan213@venture.ai,Starter,PropTech,1-10,content,141,3,3,0,3,active,0,1,29.0,0,2026-06-23
cus_UksfKSihJv9due,Arjun Hussein,arjun.hussein967@startup.co,Pro,EdTech,11-50,product_hunt,434,10,6,0,10,active,0,1,99.0,0,2026-06-23
cus_UksfbUYXttRlJj,Evelyn Hussein,evelyn.hussein597@startup.co,Free,MarTech,1-10,product_hunt,260,1,3,1,3,none,0,0,0.0,-1,2026-06-23
cus_UksfwBDBZvrB28,Layla Singh,layla.singh686@startup.co,Starter,MarTech,1000+,social,519,4,6,1,5,active,0,1,29.0,0,2026-06-23
cus_Uksfac0GPZ62nF,Vikram Jones,vikram.jones870@corp.com,Free,HealthTech,1000+,referral,351,0,3,0,4,none,0,0,0.0,-1,2026-06-23
cus_UksfJFpTSQeSdf,Hassan Davis,hassan.davis738@tech.org,Pro,EdTech,1-10,product_hunt,622,9,5,1,9,active,0,1,99.0,0,2026-06-23
cus_Uksfrw9Wy5q7Qh,Omar Rao,omar.rao695@startup.co,Pro,E-commerce,1000+,social,549,6,9,0,7,active,0,1,99.0,0,2026-06-23
cus_Uksf2LhtLBBg5e,Ethan Ahmed,ethan.ahmed193@tech.org,Starter,LegalTech,1000+,content,69,3,7,0,6,canceled,0,1,29.0,0,2026-06-23
cus_Uksf6s8Bl0eQur,Amelia Sheikh,amelia.sheikh395@corp.com,Starter,HRTech,11-50,referral,593,9,4,2,9,active,0,1,29.0,0,2026-06-23
cus_UksfufcVsbOie7,Yusuf Smith,yusuf.smith345@corp.com,Pro,EdTech,51-200,product_hunt,322,11,6,1,4,active,0,1,99.0,0,2026-06-23
cus_UksesvFon3KpMS,Pooja Mehta,pooja.mehta923@corp.com,Pro,E-commerce,51-200,social,557,12,6,1,8,active,0,1,99.0,0,2026-06-23
cus_Ukseodnoskqslp,Mia Jones,mia.jones998@company.io,Free,AgriTech,51-200,referral,490,4,3,0,6,none,0,0,0.0,-1,2026-06-23
cus_UkseNyXSR6EDUO,Pooja Miller,pooja.miller913@startup.co,Free,SaaS,1-10,paid_search,525,1,3,2,3,none,0,0,0.0,-1,2026-06-23
cus_UkseVaU41hJUYX,Sophia Hussein,sophia.hussein294@tech.org,Starter,LegalTech,51-200,social,696,1,3,2,6,active,0,1,29.0,0,2026-06-23
cus_UkseoYn503X2gk,Omar Ali,omar.ali939@venture.ai,Starter,E-commerce,1-10,organic,125,8,11,1,8,active,0,1,29.0,0,2026-06-23
cus_UkseKxhxWV2pM9,Layla Jones,layla.jones882@tech.org,Enterprise,SaaS,51-200,referral,157,14,15,0,7,canceled,0,1,299.0,0,2026-06-23
cus_Uksewa0DvbcfHi,James Jones,james.jones185@startup.co,Starter,AgriTech,11-50,referral,618,9,4,0,6,active,0,1,29.0,0,2026-06-23
cus_UkseyZMqj6ZSeb,Ethan Davis,ethan.davis180@tech.org,Starter,LegalTech,201-1000,product_hunt,235,5,4,0,5,canceled,0,1,29.0,0,2026-06-23
cus_Ukse9JMIEATOb6,Rahul Williams,rahul.williams058@venture.ai,Free,HealthTech,11-50,paid_search,206,4,0,2,4,none,0,0,0.0,-1,2026-06-23
cus_UkseJdiDPW0liY,Noah Hassan,noah.hassan726@startup.co,Free,PropTech,11-50,organic,146,3,5,1,4,none,0,0,0.0,-1,2026-06-23
cus_UkseHRKuwrsJJt,Sneha Patel,sneha.patel375@startup.co,Starter,SaaS,51-200,social,271,2,7,0,4,canceled,0,1,29.0,0,2026-06-23
cus_UkseX61bOTUrgr,Meera Wilson,meera.wilson386@corp.com,Pro,E-commerce,11-50,product_hunt,659,6,4,1,8,active,0,1,99.0,0,2026-06-23
cus_Uksewvj1KkNj1Z,Olivia Rao,olivia.rao646@corp.com,Pro,HRTech,201-1000,organic,646,9,10,0,8,canceled,0,1,99.0,0,2026-06-23
cus_UkseWJ8IU4TQjI,Meera Chaudhry,meera.chaudhry449@company.io,Free,SaaS,51-200,organic,406,0,3,2,4,none,0,0,0.0,-1,2026-06-23
cus_Ukse5SWf6bjzZX,Ava Chaudhry,ava.chaudhry406@tech.org,Starter,MarTech,51-200,organic,74,11,6,0,5,active,0,1,29.0,0,2026-06-23
cus_UkseXEDkl2dwge,Priya Jones,priya.jones466@venture.ai,Pro,HealthTech,1-10,content,625,13,10,0,5,active,0,1,99.0,0,2026-06-23
cus_UksedDkbfKgarA,Omar Rao,omar.rao207@startup.co,Free,HRTech,11-50,content,549,8,2,2,5,none,0,0,0.0,-1,2026-06-23
cus_UksegiYwzRpGMz,Yusuf Smith,yusuf.smith624@gmail.com,Free,FinTech,1000+,paid_search,641,0,0,1,3,none,0,0,0.0,-1,2026-06-23
cus_UksdyBtWPKJX35,Logan Rao,logan.rao304@company.io,Enterprise,AgriTech,201-1000,organic,250,18,12,0,9,canceled,0,1,299.0,0,2026-06-23
cus_UksddkwJovFtCd,Sneha Davis,sneha.davis128@company.io,Starter,HealthTech,201-1000,social,113,11,6,1,3,active,0,1,29.0,0,2026-06-23
cus_Uksd6dZffNlMMA,Emma Wilson,emma.wilson889@company.io,Starter,LegalTech,1-10,social,115,1,6,1,5,canceled,0,1,29.0,0,2026-06-23
cus_Uksd0OvwZdzNwP,Dev Joshi,dev.joshi804@company.io,Enterprise,HRTech,1000+,organic,318,7,12,0,4,active,0,1,299.0,0,2026-06-23
cus_UksdMmMKu2gfFK,Mia Gupta,mia.gupta384@company.io,Starter,EdTech,51-200,content,722,1,1,0,4,active,0,1,29.0,0,2026-06-23
cus_UksdciOVgMq21k,Yusuf Sheikh,yusuf.sheikh131@tech.org,Free,AgriTech,11-50,content,549,1,0,0,1,none,0,0,0.0,-1,2026-06-23
cus_Uksd0flRq6xqGY,Layla Williams,layla.williams937@company.io,Starter,EdTech,11-50,referral,160,3,2,0,7,active,0,1,29.0,0,2026-06-23
cus_UksdBzhBME2pko,Bilal Siddiqui,bilal.siddiqui963@startup.co,Starter,AgriTech,1-10,paid_search,702,5,6,0,2,active,0,1,29.0,0,2026-06-23
cus_UksdPGfZNu46iT,Nour Garcia,nour.garcia576@venture.ai,Starter,FinTech,51-200,organic,565,0,10,0,8,active,0,1,29.0,0,2026-06-23
cus_UksddkhUSBLZcH,Mohammed Joshi,mohammed.joshi906@startup.co,Starter,E-commerce,11-50,content,649,5,5,2,8,canceled,0,1,29.0,0,2026-06-23
cus_UksdUa7CWFsg7c,Oliver Johnson,oliver.johnson654@gmail.com,Starter,SaaS,1-10,social,492,3,6,0,1,active,0,1,29.0,0,2026-06-23
cus_UksdMwQ6wvs42M,Rahul Khan,rahul.khan344@venture.ai,Starter,MarTech,51-200,product_hunt,623,8,3,0,3,active,0,1,29.0,0,2026-06-23
cus_UksdA77oAKRHvt,Arjun Hassan,arjun.hassan167@startup.co,Starter,FinTech,11-50,content,387,9,3,1,6,canceled,0,1,29.0,0,2026-06-23
cus_Uksde7ZYUHlmH7,Aiden Kumar,aiden.kumar872@corp.com,Starter,HealthTech,1-10,product_hunt,400,6,3,0,4,active,0,1,29.0,0,2026-06-23
cus_UkschliMGPbeoR,Pooja Rahman,pooja.rahman410@venture.ai,Pro,HRTech,11-50,product_hunt,49,12,10,0,7,canceled,0,1,99.0,0,2026-06-23
cus_Uksc29XSOyBWIy,Charlotte Moore,charlotte.moore525@corp.com,Free,HRTech,1-10,social,170,1,2,1,3,none,0,0,0.0,-1,2026-06-23
cus_UkscKJp7h5w3OX,Sophia Hussein,sophia.hussein460@tech.org,Starter,LegalTech,1000+,organic,309,2,4,1,7,active,0,1,29.0,0,2026-06-23
cus_UkscjIPAynAtq0,Sneha Moore,sneha.moore170@gmail.com,Starter,FinTech,51-200,social,191,4,0,0,5,active,0,1,29.0,0,2026-06-23
cus_UkscItpoXANXCn,Olivia Wilson,olivia.wilson541@company.io,Pro,E-commerce,1-10,content,59,9,6,0,7,active,0,1,99.0,0,2026-06-23
cus_UkscdPGqbI6KOt,Arjun Siddiqui,arjun.siddiqui898@corp.com,Pro,AgriTech,1000+,organic,140,8,8,0,8,active,0,1,99.0,0,2026-06-23
cus_UksceR21B0uRkB,Mason Kumar,mason.kumar023@venture.ai,Enterprise,FinTech,1000+,product_hunt,716,12,17,0,3,active,0,1,299.0,0,2026-06-23
cus_UkscSZ0njviXwU,Sneha Jones,sneha.jones078@corp.com,Free,SaaS,1-10,product_hunt,291,0,0,1,5,none,0,0,0.0,-1,2026-06-23
cus_UkscjpWHwN0Kwn,Mason Siddiqui,mason.siddiqui423@corp.com,Starter,PropTech,201-1000,social,131,1,0,0,4,active,0,1,29.0,0,2026-06-23
cus_UkscMpNBkVeXAV,James Chaudhry,james.chaudhry573@venture.ai,Free,AgriTech,1000+,paid_search,484,5,3,2,5,none,0,0,0.0,-1,2026-06-23
cus_UkscbcOFtZjKaT,Rahul Joshi,rahul.joshi549@venture.ai,Pro,E-commerce,201-1000,social,141,10,13,0,2,active,0,1,99.0,0,2026-06-23
cus_UksciHgtwDOVEB,Liam Patel,liam.patel141@gmail.com,Free,FinTech,201-1000,social,164,2,0,1,6,none,0,0,0.0,-1,2026-06-23
cus_UkscZWK3gqVj8a,Sophia Nair,sophia.nair081@tech.org,Pro,HealthTech,1000+,paid_search,597,11,14,0,7,active,0,1,99.0,0,2026-06-23
cus_UkscgEGYiNdZAF,Ananya Wilson,ananya.wilson269@venture.ai,Enterprise,E-commerce,51-200,referral,92,15,15,0,6,active,0,1,299.0,0,2026-06-23
cus_UkscFBahiZLLGy,Lucas Sheikh,lucas.sheikh242@startup.co,Starter,HRTech,1-10,content,454,1,5,1,5,active,0,1,29.0,0,2026-06-23
cus_UkscNAelrfQSPT,Vikram Brown,vikram.brown253@gmail.com,Free,HRTech,1000+,social,339,6,7,1,7,none,0,0,0.0,-1,2026-06-23
cus_Uksci5ofrJuwQn,Pooja Patel,pooja.patel120@startup.co,Starter,SaaS,51-200,product_hunt,156,2,1,0,4,active,0,1,29.0,0,2026-06-23
cus_UksbpTn2yW0uFx,Mohammed Malik,mohammed.malik198@gmail.com,Enterprise,LegalTech,1000+,paid_search,293,13,19,0,5,active,0,1,299.0,0,2026-06-23
cus_UksbZAgA418zQ9,Oliver Nair,oliver.nair115@corp.com,Starter,HRTech,1000+,product_hunt,481,3,6,1,5,canceled,0,1,29.0,0,2026-06-23
cus_UksbMcfI7jWnDn,Bilal Hassan,bilal.hassan821@tech.org,Pro,MarTech,11-50,content,80,3,9,0,10,active,0,1,99.0,0,2026-06-23
cus_UksbFfxf5PXTX0,Ava Singh,ava.singh929@startup.co,Pro,LegalTech,51-200,organic,339,10,7,0,8,active,0,1,99.0,0,2026-06-23
cus_UksbycPldqkuOZ,Charlotte Gupta,charlotte.gupta509@venture.ai,Enterprise,AgriTech,51-200,content,502,14,14,0,3,active,0,1,299.0,0,2026-06-23
cus_UksbMPwx8ZqHhY,Harper Patel,harper.patel108@company.io,Enterprise,AgriTech,11-50,social,87,13,15,0,7,canceled,0,1,299.0,0,2026-06-23
cus_UksbkpNnAmjqOd,Yusuf Johnson,yusuf.johnson740@company.io,Starter,FinTech,201-1000,referral,529,3,3,0,4,active,0,1,29.0,0,2026-06-23
cus_UksbWoQQOvqVnL,Logan Williams,logan.williams036@venture.ai,Free,SaaS,201-1000,paid_search,700,0,3,0,7,none,0,0,0.0,-1,2026-06-23
cus_Uksba9bvFj4yGN,Dev Khan,dev.khan558@company.io,Pro,PropTech,1-10,product_hunt,420,11,4,1,10,active,0,1,99.0,0,2026-06-23
cus_UksbLSpUFGzo6n,Priya Rao,priya.rao238@venture.ai,Free,LegalTech,1-10,paid_search,383,2,0,3,3,none,0,0,0.0,-1,2026-06-23
cus_UksbI49igIJwVo,James Wilson,james.wilson822@startup.co,Enterprise,AgriTech,1000+,content,169,15,8,0,10,active,0,1,299.0,0,2026-06-23
cus_Uksbmw6gZ1e7at,Mason Ali,mason.ali444@startup.co,Enterprise,PropTech,1000+,referral,502,16,10,0,5,active,0,1,299.0,0,2026-06-23
cus_UksbtZew3eexx7,Rahul Chaudhry,rahul.chaudhry730@company.io,Free,LegalTech,1-10,referral,324,1,0,2,4,none,0,0,0.0,-1,2026-06-23
cus_Uksb9BU1VSyGJA,Omar Sheikh,omar.sheikh564@company.io,Free,PropTech,1-10,referral,443,6,1,0,4,none,0,0,0.0,-1,2026-06-23
cus_UksbGnbijgbFdH,Aiden Mehta,aiden.mehta446@startup.co,Enterprise,LegalTech,1000+,organic,533,13,16,0,4,active,0,1,299.0,0,2026-06-23
cus_UksbD6eSHAnq6j,Hassan Nair,hassan.nair715@gmail.com,Free,PropTech,51-200,referral,720,13,0,1,3,none,0,0,0.0,-1,2026-06-23
cus_UksbySgo1528Mj,Harper Gupta,harper.gupta545@tech.org,Free,LegalTech,51-200,product_hunt,612,5,5,0,0,none,0,0,0.0,-1,2026-06-23
cus_Uksag44WE3FQTk,Charlotte Malik,charlotte.malik569@gmail.com,Pro,HealthTech,1-10,organic,269,11,5,0,5,active,0,1,99.0,0,2026-06-23
cus_UksameVxTlVyyU,Sophia Wilson,sophia.wilson464@gmail.com,Enterprise,E-commerce,11-50,paid_search,242,14,12,0,8,active,0,1,299.0,0,2026-06-23
cus_Uksa35YJ3FLUn0,Bilal Malik,bilal.malik893@startup.co,Free,AgriTech,1-10,product_hunt,650,0,0,0,7,none,0,0,0.0,-1,2026-06-23
cus_UksaEQaWRZHpLD,Elijah Wilson,elijah.wilson561@gmail.com,Starter,AgriTech,51-200,organic,218,8,3,1,4,active,0,1,29.0,0,2026-06-23
cus_Uksa6lEOdEWBM7,Isabella Patel,isabella.patel561@gmail.com,Enterprise,PropTech,1-10,organic,333,15,14,0,7,active,0,1,299.0,0,2026-06-23
cus_UksarQrHLikSib,Ava Sharma,ava.sharma725@company.io,Free,SaaS,1000+,paid_search,153,4,4,1,3,none,0,0,0.0,-1,2026-06-23
cus_UksadT6hA7O5ZT,Aiden Moore,aiden.moore539@corp.com,Pro,SaaS,51-200,paid_search,47,10,13,0,9,active,0,1,99.0,0,2026-06-23
cus_UksaHNy9Pb9CHz,Priya Wilson,priya.wilson074@company.io,Free,EdTech,201-1000,content,294,5,0,1,5,none,0,0,0.0,-1,2026-06-23
cus_UksaX9HNTGZkWF,Amelia Sharma,amelia.sharma756@company.io,Pro,HRTech,1-10,social,636,13,4,2,9,active,0,1,99.0,0,2026-06-23
cus_UksaQ5SalvVS2C,Fatima Brown,fatima.brown479@company.io,Starter,MarTech,1000+,product_hunt,460,2,6,1,4,canceled,0,1,29.0,0,2026-06-23
cus_UksaQXbjtEEkTO,Mia Brown,mia.brown734@tech.org,Free,HRTech,1-10,product_hunt,672,1,0,0,1,none,0,0,0.0,-1,2026-06-23
cus_UksagtyrhRNnNr,Bilal Hassan,bilal.hassan036@tech.org,Free,LegalTech,201-1000,content,650,0,0,1,6,none,0,0,0.0,-1,2026-06-23
cus_UksaLrwYqu883g,Oliver Hussein,oliver.hussein165@company.io,Free,EdTech,201-1000,content,697,4,2,2,2,none,0,0,0.0,-1,2026-06-23
cus_UksaBHeZCYngK5,Sophia Gupta,sophia.gupta200@corp.com,Free,SaaS,1-10,paid_search,365,0,6,0,7,none,0,0,0.0,-1,2026-06-23
cus_UksawzZEC53Fvs,Ananya Hassan,ananya.hassan956@gmail.com,Starter,FinTech,201-1000,referral,714,6,7,1,8,active,0,1,29.0,0,2026-06-23
cus_UksasxKFd9JxUr,Hassan Singh,hassan.singh577@corp.com,Starter,EdTech,201-1000,referral,50,0,6,0,7,active,0,1,29.0,0,2026-06-23
cus_UksaZCRCJfA5un,Yusuf Williams,yusuf.williams434@gmail.com,Free,E-commerce,11-50,social,357,3,3,0,2,none,0,0,0.0,-1,2026-06-23
cus_UksaeWTwrl2O9b,Rahul Chaudhry,rahul.chaudhry274@venture.ai,Pro,EdTech,51-200,social,591,13,14,0,8,active,0,1,99.0,0,2026-06-23
cus_UksapjBKQJXxhf,Pooja Johnson,pooja.johnson695@corp.com,Free,PropTech,1000+,content,560,0,0,1,5,none,0,0,0.0,-1,2026-06-23
cus_UksaA9oKzC1z0k,Nour Siddiqui,nour.siddiqui642@venture.ai,Free,E-commerce,1-10,social,516,2,0,2,3,none,0,0,0.0,-1,2026-06-23
cus_UksaB8K3i1BRKb,Mohammed Malik,mohammed.malik660@tech.org,Starter,EdTech,51-200,referral,553,9,1,1,6,active,0,1,29.0,0,2026-06-23
cus_Uksa9dlfpZv9vP,Dev Khan,dev.khan327@gmail.com,Free,AgriTech,51-200,social,460,1,0,0,4,none,0,0,0.0,-1,2026-06-23
cus_Uksat9X6r0X9UY,Ava Patel,ava.patel873@venture.ai,Pro,MarTech,201-1000,paid_search,716,3,12,1,5,active,0,1,99.0,0,2026-06-23
cus_UksZZIOGBj75g8,Lucas Iyer,lucas.iyer181@tech.org,Starter,E-commerce,201-1000,organic,69,0,6,0,8,active,0,1,29.0,0,2026-06-23
cus_UksZNVy7JkUL6z,Amelia Siddiqui,amelia.siddiqui959@venture.ai,Free,FinTech,51-200,referral,366,6,4,0,6,none,0,0,0.0,-1,2026-06-23
cus_UksZH05YaBN8kN,Mia Wilson,mia.wilson284@corp.com,Free,MarTech,11-50,referral,715,4,5,1,5,none,0,0,0.0,-1,2026-06-23
cus_UksZS82f5Zywai,Aisha Chaudhry,aisha.chaudhry898@company.io,Pro,LegalTech,1-10,referral,392,15,3,0,2,active,0,1,99.0,0,2026-06-23
cus_UksZLOvPSmiJOl,Yusuf Johnson,yusuf.johnson399@startup.co,Free,E-commerce,51-200,referral,182,4,0,1,5,none,0,0,0.0,-1,2026-06-23
cus_UksZY3pJAUY4uA,Meera Sheikh,meera.sheikh147@startup.co,Enterprise,SaaS,1-10,organic,679,14,14,0,5,canceled,0,1,299.0,0,2026-06-23
cus_UksZvTXBzSnkoV,Charlotte Brown,charlotte.brown726@company.io,Enterprise,MarTech,1000+,social,167,18,10,0,9,active,0,1,299.0,0,2026-06-23
cus_UksZEkjzeJ5e6E,James Chaudhry,james.chaudhry696@startup.co,Free,E-commerce,1000+,paid_search,387,2,4,0,5,none,0,0,0.0,-1,2026-06-23
cus_UksZ7o0QEwiDtn,Mia Wilson,mia.wilson065@gmail.com,Free,FinTech,1-10,product_hunt,351,0,4,1,6,none,0,0,0.0,-1,2026-06-23
cus_UksZZDWOTVY6B3,Bilal Williams,bilal.williams500@company.io,Starter,AgriTech,1000+,product_hunt,100,4,3,2,8,active,0,1,29.0,0,2026-06-23
cus_UksZqekcqmcDXV,Fatima Jones,fatima.jones705@gmail.com,Pro,SaaS,1000+,referral,707,10,10,1,8,active,0,1,99.0,0,2026-06-23
cus_UksZPij3SqzyO1,Emma Kumar,emma.kumar039@corp.com,Enterprise,PropTech,51-200,social,272,12,14,0,8,active,0,1,299.0,0,2026-06-23
cus_UksZ8joicK4aWj,Ava Miller,ava.miller485@gmail.com,Free,E-commerce,1000+,organic,284,0,1,1,7,none,0,0,0.0,-1,2026-06-23
cus_UksZLnTQJuIiae,Ava Brown,ava.brown066@venture.ai,Free,E-commerce,201-1000,content,446,4,3,0,6,none,0,0,0.0,-1,2026-06-23
cus_UksZkVCXRozup6,James Chaudhry,james.chaudhry219@corp.com,Free,AgriTech,1000+,social,264,4,2,0,4,none,0,0,0.0,-1,2026-06-23
cus_UksZbfF0Tex3zs,Evelyn Singh,evelyn.singh200@gmail.com,Enterprise,SaaS,11-50,product_hunt,235,19,13,0,8,active,0,1,299.0,0,2026-06-23
cus_UksZCaldH6mNs7,Aiden Hassan,aiden.hassan691@company.io,Free,SaaS,1000+,social,110,0,2,1,1,none,0,0,0.0,-1,2026-06-23
cus_UksZI5yzp05wWL,Emma Rao,emma.rao098@corp.com,Starter,MarTech,11-50,organic,412,11,3,1,4,canceled,0,1,29.0,0,2026-06-23
cus_UksZLNzzvTurCd,Priya Brown,priya.brown251@venture.ai,Free,FinTech,51-200,content,303,1,3,3,5,none,0,0,0.0,-1,2026-06-23
cus_UksZbkjo0fUBwv,Elijah Siddiqui,elijah.siddiqui354@gmail.com,Enterprise,MarTech,1000+,organic,123,18,16,0,5,active,0,1,299.0,0,2026-06-23
cus_UksZhN9lxffzVU,Fatima Singh,fatima.singh525@venture.ai,Starter,AgriTech,201-1000,paid_search,247,8,2,1,6,active,0,1,29.0,0,2026-06-23
cus_UksY5J1xVuUPEC,Amelia Rahman,amelia.rahman203@gmail.com,Pro,MarTech,1-10,referral,418,7,6,0,3,active,0,1,99.0,0,2026-06-23
cus_UksYSw5TFRDWn3,Isabella Siddiqui,isabella.siddiqui367@startup.co,Pro,FinTech,1000+,content,111,11,10,0,5,active,0,1,99.0,0,2026-06-23
cus_UksYP4oWlLuNI0,Oliver Hassan,oliver.hassan868@startup.co,Starter,AgriTech,11-50,content,300,3,5,1,5,active,0,1,29.0,0,2026-06-23
cus_UksYzmhRRkkGBy,Vikram Davis,vikram.davis631@company.io,Starter,HRTech,1-10,organic,588,2,5,1,3,active,0,1,29.0,0,2026-06-23
cus_UksYbrYv3LatmT,Mia Davis,mia.davis402@tech.org,Starter,SaaS,1000+,organic,311,5,6,0,3,canceled,0,1,29.0,0,2026-06-23
cus_UksS17NhamKwte,Isabella Nair,isabella.nair158@company.io,Pro,HRTech,1000+,organic,87,13,4,0,10,active,0,1,99.0,0,2026-06-23
cus_UksS3VbgcBQvMr,Omar Sharma,omar.sharma095@startup.co,Pro,AgriTech,11-50,referral,609,8,10,0,8,active,0,1,99.0,0,2026-06-23
cus_UksSaYuXLEvtkt,Vikram Miller,vikram.miller797@tech.org,Free,HRTech,201-1000,product_hunt,170,0,0,1,10,none,0,0,0.0,-1,2026-06-23
cus_UksS62xEy8E6wm,Arjun Miller,arjun.miller622@tech.org,Free,LegalTech,1000+,social,206,4,0,0,5,none,0,0,0.0,-1,2026-06-23
cus_UksS0AMxsEC2PI,Ava Chaudhry,ava.chaudhry190@startup.co,Enterprise,AgriTech,201-1000,content,96,11,9,1,10,active,0,1,299.0,0,2026-06-23
cus_UksSRcBUwyhmi5,Ethan Brown,ethan.brown366@corp.com,Starter,AgriTech,1000+,paid_search,134,10,5,1,5,canceled,0,1,29.0,0,2026-06-23
cus_UksSAcyLp4EoP4,Aiden Ahmed,aiden.ahmed819@startup.co,Free,PropTech,1000+,content,181,2,4,0,4,none,0,0,0.0,-1,2026-06-23
cus_UksSBBjrInB5od,Vikram Brown,vikram.brown808@startup.co,Free,MarTech,1000+,organic,351,0,0,1,6,none,0,0,0.0,-1,2026-06-23
cus_UksSktcQzu0Sum,Harper Wilson,harper.wilson320@startup.co,Starter,EdTech,11-50,product_hunt,272,9,0,0,8,active,0,1,29.0,0,2026-06-23
cus_UksSZm3HCSgYXH,Layla Kumar,layla.kumar563@gmail.com,Free,AgriTech,1000+,organic,267,1,0,1,4,none,0,0,0.0,-1,2026-06-23
cus_UksSktOOv8uFWX,Liam Sharma,liam.sharma294@gmail.com,Free,E-commerce,11-50,content,681,6,2,2,2,none,0,0,0.0,-1,2026-06-23
cus_UksSbmw7odj6u8,Evelyn Hassan,evelyn.hassan757@company.io,Free,HealthTech,1-10,social,607,0,0,0,3,none,0,0,0.0,-1,2026-06-23
cus_UksSDIPpyynUJG,Elijah Garcia,elijah.garcia873@corp.com,Starter,FinTech,1000+,social,719,5,8,1,6,canceled,0,1,29.0,0,2026-06-23
cus_UksStDMhaunuKs,Logan Garcia,logan.garcia622@venture.ai,Free,HRTech,51-200,organic,422,7,0,0,3,none,0,0,0.0,-1,2026-06-23
cus_UksSxXbqAqFtAN,Elijah Mehta,elijah.mehta617@tech.org,Free,E-commerce,1-10,organic,398,3,0,2,7,none,0,0,0.0,-1,2026-06-23
cus_UksS7JX5n8q6QD,Emma Patel,emma.patel345@gmail.com,Free,MarTech,1000+,content,295,5,5,1,9,none,0,0,0.0,-1,2026-06-23
cus_UksSotOWR5qy7V,Aiden Rahman,aiden.rahman610@venture.ai,Enterprise,HealthTech,1-10,referral,280,11,15,0,6,active,0,1,299.0,0,2026-06-23
cus_UksSJWQColX7Zp,Nour Jones,nour.jones536@company.io,Starter,FinTech,51-200,content,580,4,7,0,5,active,0,1,29.0,0,2026-06-23
cus_UksSO8HrrT0dn0,Noah Nair,noah.nair565@corp.com,Free,LegalTech,201-1000,content,104,4,2,1,5,none,0,0,0.0,-1,2026-06-23
cus_UksSGSdpGqq5u0,Fatima Singh,fatima.singh991@gmail.com,Starter,AgriTech,201-1000,paid_search,275,7,7,0,4,active,0,1,29.0,0,2026-06-23
cus_UksR70pDeCREAe,Bilal Iyer,bilal.iyer826@venture.ai,Free,EdTech,201-1000,paid_search,596,1,0,1,4,none,0,0,0.0,-1,2026-06-23
cus_UksRH5kmDEuims,Nour Khan,nour.khan539@gmail.com,Free,HRTech,11-50,referral,451,0,2,1,4,none,0,0,0.0,-1,2026-06-23
cus_UksRh0X7DXDbgh,Dev Hussein,dev.hussein506@gmail.com,Free,PropTech,51-200,content,170,4,0,0,2,none,0,0,0.0,-1,2026-06-23
cus_UksRmXMNZTcIRU,Layla Khan,layla.khan642@corp.com,Starter,FinTech,1-10,organic,261,4,5,0,6,canceled,0,1,29.0,0,2026-06-23
cus_UksRoOolZ1PJV2,Sneha Khan,sneha.khan740@venture.ai,Free,FinTech,1-10,referral,114,3,0,0,6,none,0,0,0.0,-1,2026-06-23
cus_UksR4wqE7EgmwI,Pooja Smith,pooja.smith261@corp.com,Pro,MarTech,11-50,paid_search,671,14,13,0,7,canceled,0,1,99.0,0,2026-06-23
cus_UksRskGGOgKQZd,Ananya Miller,ananya.miller355@startup.co,Starter,PropTech,51-200,content,577,10,3,0,6,canceled,0,1,29.0,0,2026-06-23
cus_UksRlxYJKr6ez4,Omar Hassan,omar.hassan588@startup.co,Pro,FinTech,201-1000,content,442,8,15,0,10,active,0,1,99.0,0,2026-06-23
cus_UksRWrovc0tOvk,Logan Ahmed,logan.ahmed524@company.io,Free,PropTech,1-10,content,285,1,4,2,3,none,0,0,0.0,-1,2026-06-23
cus_UksRLHGtPzN1AV,Emma Sharma,emma.sharma960@tech.org,Starter,LegalTech,1-10,paid_search,581,7,4,0,3,active,0,1,29.0,0,2026-06-23
cus_UksR0MciPfJMGC,Mia Miller,mia.miller467@venture.ai,Pro,EdTech,1-10,product_hunt,150,11,5,0,9,canceled,0,1,99.0,0,2026-06-23
cus_UksRXah9x9HQNi,Yusuf Sheikh,yusuf.sheikh187@corp.com,Pro,MarTech,1-10,social,405,10,3,0,7,active,0,1,99.0,0,2026-06-23
cus_UksR4BiSidi2SK,Harper Johnson,harper.johnson745@venture.ai,Free,AgriTech,1-10,paid_search,255,1,5,2,6,none,0,0,0.0,-1,2026-06-23
cus_UksRJcmOYd27jV,Liam Mehta,liam.mehta447@corp.com,Starter,PropTech,201-1000,referral,397,8,9,1,5,canceled,0,1,29.0,0,2026-06-23
cus_UksRimJwrg1qyW,Bilal Jones,bilal.jones911@venture.ai,Pro,MarTech,11-50,referral,458,7,7,0,7,active,0,1,99.0,0,2026-06-23
cus_UksRcNgczBzmv9,Nour Garcia,nour.garcia632@gmail.com,Free,FinTech,11-50,paid_search,498,3,0,1,7,none,0,0,0.0,-1,2026-06-23
cus_UksRJCXMJ7erNI,Yusuf Garcia,yusuf.garcia565@corp.com,Pro,AgriTech,201-1000,product_hunt,134,8,10,1,8,canceled,0,1,99.0,0,2026-06-23
cus_UksR6dgmbBg3mY,Olivia Ali,olivia.ali537@corp.com,Free,EdTech,51-200,content,218,0,0,1,0,none,0,0,0.0,-1,2026-06-23
cus_UksRF2K8Iz4NtZ,Noah Siddiqui,noah.siddiqui211@venture.ai,Free,SaaS,201-1000,social,147,1,3,2,0,none,0,0,0.0,-1,2026-06-23
cus_UksRdJwhqdDOqf,Mason Sheikh,mason.sheikh530@company.io,Free,PropTech,51-200,organic,117,3,1,1,7,none,0,0,0.0,-1,2026-06-23
cus_UksRHb8lHCnBSr,Aisha Nair,aisha.nair553@venture.ai,Free,E-commerce,201-1000,organic,561,1,0,0,6,none,0,0,0.0,-1,2026-06-23
cus_UksRNQWTt56mPy,Arjun Garcia,arjun.garcia937@corp.com,Free,FinTech,1-10,organic,710,1,1,2,4,none,0,0,0.0,-1,2026-06-23
cus_UksQXmoy8V9CBM,Bilal Mehta,bilal.mehta573@corp.com,Starter,SaaS,1000+,content,489,1,3,2,4,active,0,1,29.0,0,2026-06-23
cus_UksQXKxdxbgbid,Rahul Malik,rahul.malik613@corp.com,Free,MarTech,11-50,content,244,0,6,2,1,none,0,0,0.0,-1,2026-06-23
cus_UksQKBMRFvNoqw,Fatima Nair,fatima.nair155@startup.co,Starter,SaaS,11-50,content,678,5,2,0,9,active,0,1,29.0,0,2026-06-23
cus_UksQAyFdRJv3gJ,Dev Malik,dev.malik913@venture.ai,Enterprise,EdTech,201-1000,paid_search,665,17,11,0,9,active,0,1,299.0,0,2026-06-23
cus_UksQCrw64UNbOi,Vikram Moore,vikram.moore464@venture.ai,Free,HealthTech,51-200,organic,312,0,2,1,6,none,0,0,0.0,-1,2026-06-23
cus_UksQn7MLdVZIZa,Liam Moore,liam.moore513@company.io,Starter,HealthTech,51-200,paid_search,424,0,7,0,3,active,0,1,29.0,0,2026-06-23
cus_UksQrwFvuPtVMf,Sneha Hussein,sneha.hussein510@tech.org,Free,SaaS,1-10,product_hunt,485,1,3,1,7,none,0,0,0.0,-1,2026-06-23
cus_UksQHCs0B7mJx8,Zara Khan,zara.khan017@gmail.com,Starter,HealthTech,201-1000,paid_search,220,1,8,0,7,active,0,1,29.0,0,2026-06-23
cus_UksQhoAZWzzUdZ,Isabella Sheikh,isabella.sheikh029@startup.co,Enterprise,PropTech,11-50,paid_search,477,18,15,0,6,canceled,0,1,299.0,0,2026-06-23
cus_UksQ0zs2ZTjOVY,James Moore,james.moore371@tech.org,Free,FinTech,1000+,content,437,3,3,2,3,none,0,0,0.0,-1,2026-06-23
cus_UksQsvlDyc0l0q,Mohammed Wilson,mohammed.wilson618@tech.org,Free,E-commerce,11-50,product_hunt,610,3,2,3,3,none,0,0,0.0,-1,2026-06-23
cus_UksQ5dNcFolIgY,Dev Singh,dev.singh863@corp.com,Starter,FinTech,1000+,organic,445,4,4,1,6,canceled,0,1,29.0,0,2026-06-23
cus_UksQe9Flu4scES,Layla Wilson,layla.wilson426@corp.com,Starter,MarTech,1-10,content,664,5,2,0,7,active,0,1,29.0,0,2026-06-23
cus_UksQl0NSSZciHh,Vikram Smith,vikram.smith868@tech.org,Starter,HealthTech,1-10,organic,594,9,5,0,5,canceled,0,1,29.0,0,2026-06-23
cus_UksQgP7rKy5gnr,Liam Kumar,liam.kumar536@company.io,Free,AgriTech,201-1000,content,79,4,5,2,5,none,0,0,0.0,-1,2026-06-23
cus_UksQGOPAjkHMcA,Fatima Gupta,fatima.gupta189@corp.com,Enterprise,E-commerce,1000+,organic,530,17,18,0,10,active,0,1,299.0,0,2026-06-23
cus_UksQHTQwwoAz7K,Isabella Hassan,isabella.hassan212@corp.com,Starter,AgriTech,11-50,social,606,6,6,2,4,active,0,1,29.0,0,2026-06-23
cus_UksPIIsLi7hp9M,Aisha Sharma,aisha.sharma384@startup.co,Starter,PropTech,51-200,referral,275,5,2,0,5,canceled,0,1,29.0,0,2026-06-23
cus_UksPRCmYie9vCP,Aisha Miller,aisha.miller217@gmail.com,Free,PropTech,11-50,content,717,0,2,0,9,none,0,0,0.0,-1,2026-06-23
cus_UksPyW6RjVa01V,Sophia Sharma,sophia.sharma803@venture.ai,Starter,AgriTech,1000+,organic,291,0,0,1,5,active,0,1,29.0,0,2026-06-23
cus_UksPBhPKKWxt4J,Evelyn Singh,evelyn.singh140@venture.ai,Free,LegalTech,201-1000,product_hunt,182,3,5,1,6,none,0,0,0.0,-1,2026-06-23
cus_UksP4c9xwxuCEz,Vikram Moore,vikram.moore644@company.io,Free,HRTech,201-1000,product_hunt,256,1,5,0,3,none,0,0,0.0,-1,2026-06-23
cus_UksPzR5o2JhfnV,Yusuf Miller,yusuf.miller873@company.io,Pro,AgriTech,51-200,referral,269,10,3,2,10,active,0,1,99.0,0,2026-06-23
cus_UksPEP4bLM7Inr,Oliver Malik,oliver.malik210@company.io,Free,AgriTech,1-10,referral,145,0,0,3,3,none,0,0,0.0,-1,2026-06-23
cus_UksPU3Qj1Teeej,Ethan Hassan,ethan.hassan655@corp.com,Free,EdTech,11-50,social,571,7,1,1,0,none,0,0,0.0,-1,2026-06-23
cus_UksPlYt2BVLo7P,Vikram Patel,vikram.patel098@corp.com,Free,HealthTech,51-200,organic,168,4,1,2,1,none,0,0,0.0,-1,2026-06-23
cus_UksPTZy7Wz58qF,Evelyn Hassan,evelyn.hassan030@gmail.com,Starter,E-commerce,1-10,social,503,7,5,1,6,canceled,0,1,29.0,0,2026-06-23
cus_UksPVGNYqI4JvC,Rohan Siddiqui,rohan.siddiqui840@gmail.com,Free,HealthTech,1000+,social,198,0,1,1,7,none,0,0,0.0,-1,2026-06-23
cus_UksPz6nprmNW9G,Sophia Hussein,sophia.hussein539@corp.com,Pro,FinTech,1-10,product_hunt,580,10,14,0,6,active,0,1,99.0,0,2026-06-23
cus_UksPnAa9NK68aN,Evelyn Ahmed,evelyn.ahmed944@company.io,Free,AgriTech,51-200,social,544,6,6,1,7,none,0,0,0.0,-1,2026-06-23
cus_UksPpllhxtnW0z,Dev Davis,dev.davis066@tech.org,Free,E-commerce,1-10,social,297,0,2,0,7,none,0,0,0.0,-1,2026-06-23
cus_UksP5jjZZYcawR,Hassan Khan,hassan.khan506@corp.com,Free,HealthTech,11-50,social,332,2,0,2,1,none,0,0,0.0,-1,2026-06-23
cus_UksPBo4ex8yoio,Harper Gupta,harper.gupta411@tech.org,Starter,HealthTech,201-1000,content,373,8,4,0,6,active,0,1,29.0,0,2026-06-23
cus_UksPOYZwH7jrWx,Olivia Kumar,olivia.kumar717@corp.com,Starter,MarTech,1-10,organic,68,6,3,3,2,active,0,1,29.0,0,2026-06-23
cus_UksPra9bWB0oHD,Vikram Ali,vikram.ali369@startup.co,Free,FinTech,1000+,referral,191,7,0,0,5,none,0,0,0.0,-1,2026-06-23
cus_UksP4gauP8C8rg,Nour Hassan,nour.hassan213@venture.ai,Starter,PropTech,1-10,content,141,3,3,0,3,active,0,1,29.0,0,2026-06-23
cus_UksPKvoxrEShgu,Arjun Hussein,arjun.hussein967@startup.co,Pro,EdTech,11-50,product_hunt,434,10,6,0,10,active,0,1,99.0,0,2026-06-23
cus_UksP6AY2FplufO,Evelyn Hussein,evelyn.hussein597@startup.co,Free,MarTech,1-10,product_hunt,260,1,3,1,3,none,0,0,0.0,-1,2026-06-23
cus_UksPUF9p7PfY2u,Layla Singh,layla.singh686@startup.co,Starter,MarTech,1000+,social,519,4,6,1,5,active,0,1,29.0,0,2026-06-23
cus_UksPbzBjiZaF5g,Vikram Jones,vikram.jones870@corp.com,Free,HealthTech,1000+,referral,351,0,3,0,4,none,0,0,0.0,-1,2026-06-23
cus_UksPtRLkVfxNtC,Hassan Davis,hassan.davis738@tech.org,Pro,EdTech,1-10,product_hunt,622,9,5,1,9,active,0,1,99.0,0,2026-06-23
cus_UksPidJn8ba5pu,Omar Rao,omar.rao695@startup.co,Pro,E-commerce,1000+,social,549,6,9,0,7,active,0,1,99.0,0,2026-06-23
cus_UksOBAWBAc1bTl,Ethan Ahmed,ethan.ahmed193@tech.org,Starter,LegalTech,1000+,content,69,3,7,0,6,canceled,0,1,29.0,0,2026-06-23
cus_UksO9azzJ6VR3f,Amelia Sheikh,amelia.sheikh395@corp.com,Starter,HRTech,11-50,referral,593,9,4,2,9,active,0,1,29.0,0,2026-06-23
cus_UksOZFnw1FAQEq,Yusuf Smith,yusuf.smith345@corp.com,Pro,EdTech,51-200,product_hunt,322,11,6,1,4,active,0,1,99.0,0,2026-06-23
cus_UksO3zIp7jCfIq,Pooja Mehta,pooja.mehta923@corp.com,Pro,E-commerce,51-200,social,557,12,6,1,8,active,0,1,99.0,0,2026-06-23
cus_UksO7NLo7lVPDB,Mia Jones,mia.jones998@company.io,Free,AgriTech,51-200,referral,490,4,3,0,6,none,0,0,0.0,-1,2026-06-23
cus_UksOsYkWruZ5m1,Pooja Miller,pooja.miller913@startup.co,Free,SaaS,1-10,paid_search,525,1,3,2,3,none,0,0,0.0,-1,2026-06-23
cus_UksOsZ01btY8Ln,Sophia Hussein,sophia.hussein294@tech.org,Starter,LegalTech,51-200,social,696,1,3,2,6,active,0,1,29.0,0,2026-06-23
cus_UksOmqsWdonDN6,Omar Ali,omar.ali939@venture.ai,Starter,E-commerce,1-10,organic,125,8,11,1,8,active,0,1,29.0,0,2026-06-23
cus_UksOrsEsThP4wv,Layla Jones,layla.jones882@tech.org,Enterprise,SaaS,51-200,referral,157,14,15,0,7,canceled,0,1,299.0,0,2026-06-23
cus_UksOHwdkg90HRM,James Jones,james.jones185@startup.co,Starter,AgriTech,11-50,referral,618,9,4,0,6,active,0,1,29.0,0,2026-06-23
cus_UksO1QPCasrWxy,Ethan Davis,ethan.davis180@tech.org,Starter,LegalTech,201-1000,product_hunt,235,5,4,0,5,canceled,0,1,29.0,0,2026-06-23
cus_UksOi1jaRo4REW,Rahul Williams,rahul.williams058@venture.ai,Free,HealthTech,11-50,paid_search,206,4,0,2,4,none,0,0,0.0,-1,2026-06-23
cus_UksO41La7jnLBv,Noah Hassan,noah.hassan726@startup.co,Free,PropTech,11-50,organic,146,3,5,1,4,none,0,0,0.0,-1,2026-06-23
cus_UksO6ustuIHegP,Sneha Patel,sneha.patel375@startup.co,Starter,SaaS,51-200,social,271,2,7,0,4,canceled,0,1,29.0,0,2026-06-23
cus_UksOKMIfdfi1Wl,Meera Wilson,meera.wilson386@corp.com,Pro,E-commerce,11-50,product_hunt,659,6,4,1,8,active,0,1,99.0,0,2026-06-23
cus_UksNIxYRZEDyOX,Olivia Rao,olivia.rao646@corp.com,Pro,HRTech,201-1000,organic,646,9,10,0,8,canceled,0,1,99.0,0,2026-06-23
cus_UksNJB1GlFofo4,Meera Chaudhry,meera.chaudhry449@company.io,Free,SaaS,51-200,organic,406,0,3,2,4,none,0,0,0.0,-1,2026-06-23
cus_UksNcdCThQGDRH,Ava Chaudhry,ava.chaudhry406@tech.org,Starter,MarTech,51-200,organic,74,11,6,0,5,active,0,1,29.0,0,2026-06-23
cus_UksN5xTUyrJRnl,Priya Jones,priya.jones466@venture.ai,Pro,HealthTech,1-10,content,625,13,10,0,5,active,0,1,99.0,0,2026-06-23
cus_UksNnF6oe86BbA,Omar Rao,omar.rao207@startup.co,Free,HRTech,11-50,content,549,8,2,2,5,none,0,0,0.0,-1,2026-06-23
cus_UksNZnJfR0Af4L,Yusuf Smith,yusuf.smith624@gmail.com,Free,FinTech,1000+,paid_search,641,0,0,1,3,none,0,0,0.0,-1,2026-06-23
cus_UksNOIP7q7EGQa,Logan Rao,logan.rao304@company.io,Enterprise,AgriTech,201-1000,organic,250,18,12,0,9,canceled,0,1,299.0,0,2026-06-23
cus_UksNARwAwYKSUD,Sneha Davis,sneha.davis128@company.io,Starter,HealthTech,201-1000,social,113,11,6,1,3,active,0,1,29.0,0,2026-06-23
cus_UksNfZOirLZubc,Emma Wilson,emma.wilson889@company.io,Starter,LegalTech,1-10,social,115,1,6,1,5,canceled,0,1,29.0,0,2026-06-23
cus_UksNQF7cZx70A3,Dev Joshi,dev.joshi804@company.io,Enterprise,HRTech,1000+,organic,318,7,12,0,4,active,0,1,299.0,0,2026-06-23
cus_UksNHntpO8w1WK,Mia Gupta,mia.gupta384@company.io,Starter,EdTech,51-200,content,722,1,1,0,4,active,0,1,29.0,0,2026-06-23
cus_UksNP0hqaP0bPw,Yusuf Sheikh,yusuf.sheikh131@tech.org,Free,AgriTech,11-50,content,549,1,0,0,1,none,0,0,0.0,-1,2026-06-23
cus_UksNgrUmwuLaM8,Layla Williams,layla.williams937@company.io,Starter,EdTech,11-50,referral,160,3,2,0,7,active,0,1,29.0,0,2026-06-23
cus_UksNBRXwJhSrVu,Bilal Siddiqui,bilal.siddiqui963@startup.co,Starter,AgriTech,1-10,paid_search,702,5,6,0,2,active,0,1,29.0,0,2026-06-23
cus_UksNP2f3ggraA8,Nour Garcia,nour.garcia576@venture.ai,Starter,FinTech,51-200,organic,565,0,10,0,8,active,0,1,29.0,0,2026-06-23
cus_UksNaCqRpT0X23,Mohammed Joshi,mohammed.joshi906@startup.co,Starter,E-commerce,11-50,content,649,5,5,2,8,canceled,0,1,29.0,0,2026-06-23
cus_UksMPr7k0m819B,Oliver Johnson,oliver.johnson654@gmail.com,Starter,SaaS,1-10,social,492,3,6,0,1,active,0,1,29.0,0,2026-06-23
cus_UksMOkLddJqpz1,Rahul Khan,rahul.khan344@venture.ai,Starter,MarTech,51-200,product_hunt,623,8,3,0,3,active,0,1,29.0,0,2026-06-23
cus_UksMrtP1pG4ijH,Arjun Hassan,arjun.hassan167@startup.co,Starter,FinTech,11-50,content,387,9,3,1,6,canceled,0,1,29.0,0,2026-06-23
cus_UksMPiD3MTGHj7,Aiden Kumar,aiden.kumar872@corp.com,Starter,HealthTech,1-10,product_hunt,400,6,3,0,4,active,0,1,29.0,0,2026-06-23
cus_UksM5Hc8mFVnSy,Pooja Rahman,pooja.rahman410@venture.ai,Pro,HRTech,11-50,product_hunt,49,12,10,0,7,canceled,0,1,99.0,0,2026-06-23
cus_UksMKUIrgOM9Dj,Charlotte Moore,charlotte.moore525@corp.com,Free,HRTech,1-10,social,170,1,2,1,3,none,0,0,0.0,-1,2026-06-23
cus_UksMFrqD6jfCLd,Sophia Hussein,sophia.hussein460@tech.org,Starter,LegalTech,1000+,organic,309,2,4,1,7,active,0,1,29.0,0,2026-06-23
cus_UksMI9GItDZGGH,Sneha Moore,sneha.moore170@gmail.com,Starter,FinTech,51-200,social,191,4,0,0,5,active,0,1,29.0,0,2026-06-23
cus_UksM1HIxzOauC0,Olivia Wilson,olivia.wilson541@company.io,Pro,E-commerce,1-10,content,59,9,6,0,7,active,0,1,99.0,0,2026-06-23
cus_UksMg6mOsc8GLc,Arjun Siddiqui,arjun.siddiqui898@corp.com,Pro,AgriTech,1000+,organic,140,8,8,0,8,active,0,1,99.0,0,2026-06-23
cus_UksMkszuFsmjAj,Mason Kumar,mason.kumar023@venture.ai,Enterprise,FinTech,1000+,product_hunt,716,12,17,0,3,active,0,1,299.0,0,2026-06-23
cus_UksMQG0kz1bu4r,Sneha Jones,sneha.jones078@corp.com,Free,SaaS,1-10,product_hunt,291,0,0,1,5,none,0,0,0.0,-1,2026-06-23
cus_UksMUPHKbCXRTp,Mason Siddiqui,mason.siddiqui423@corp.com,Starter,PropTech,201-1000,social,131,1,0,0,4,active,0,1,29.0,0,2026-06-23
cus_UksMzaHafVdyv0,James Chaudhry,james.chaudhry573@venture.ai,Free,AgriTech,1000+,paid_search,484,5,3,2,5,none,0,0,0.0,-1,2026-06-23
cus_UksLDRpdoBVbmR,Rahul Joshi,rahul.joshi549@venture.ai,Pro,E-commerce,201-1000,social,141,10,13,0,2,active,0,1,99.0,0,2026-06-23
cus_UksLE3JUyq0N6V,Liam Patel,liam.patel141@gmail.com,Free,FinTech,201-1000,social,164,2,0,1,6,none,0,0,0.0,-1,2026-06-23
cus_UksLubOGuEmYwd,Sophia Nair,sophia.nair081@tech.org,Pro,HealthTech,1000+,paid_search,597,11,14,0,7,active,0,1,99.0,0,2026-06-23
cus_UksLD5wEvRYog0,Ananya Wilson,ananya.wilson269@venture.ai,Enterprise,E-commerce,51-200,referral,92,15,15,0,6,active,0,1,299.0,0,2026-06-23
cus_UksLAWxPo6lRam,Lucas Sheikh,lucas.sheikh242@startup.co,Starter,HRTech,1-10,content,454,1,5,1,5,active,0,1,29.0,0,2026-06-23
cus_UksLqvaGkxm789,Vikram Brown,vikram.brown253@gmail.com,Free,HRTech,1000+,social,339,6,7,1,7,none,0,0,0.0,-1,2026-06-23
cus_UksLbOehfVcDK7,Pooja Patel,pooja.patel120@startup.co,Starter,SaaS,51-200,product_hunt,156,2,1,0,4,active,0,1,29.0,0,2026-06-23
cus_UksLrBBNFA47fw,Mohammed Malik,mohammed.malik198@gmail.com,Enterprise,LegalTech,1000+,paid_search,293,13,19,0,5,active,0,1,299.0,0,2026-06-23
cus_UksLZkeIbObmfP,Oliver Nair,oliver.nair115@corp.com,Starter,HRTech,1000+,product_hunt,481,3,6,1,5,canceled,0,1,29.0,0,2026-06-23
cus_UksLNxcnYinRdj,Bilal Hassan,bilal.hassan821@tech.org,Pro,MarTech,11-50,content,80,3,9,0,10,active,0,1,99.0,0,2026-06-23
cus_UksLg5qk3SNrXG,Ava Singh,ava.singh929@startup.co,Pro,LegalTech,51-200,organic,339,10,7,0,8,active,0,1,99.0,0,2026-06-23
cus_UksLuGMzKINxjN,Charlotte Gupta,charlotte.gupta509@venture.ai,Enterprise,AgriTech,51-200,content,502,14,14,0,3,active,0,1,299.0,0,2026-06-23
cus_UksLSgWdTFowHu,Harper Patel,harper.patel108@company.io,Enterprise,AgriTech,11-50,social,87,13,15,0,7,canceled,0,1,299.0,0,2026-06-23
cus_UksLwmOwZmVonI,Yusuf Johnson,yusuf.johnson740@company.io,Starter,FinTech,201-1000,referral,529,3,3,0,4,active,0,1,29.0,0,2026-06-23
cus_UksLqFE8txqdgq,Logan Williams,logan.williams036@venture.ai,Free,SaaS,201-1000,paid_search,700,0,3,0,7,none,0,0,0.0,-1,2026-06-23
cus_UksLRBxpLSMB8V,Dev Khan,dev.khan558@company.io,Pro,PropTech,1-10,product_hunt,420,11,4,1,10,active,0,1,99.0,0,2026-06-23
cus_UksLBa6Ma43ZZp,Priya Rao,priya.rao238@venture.ai,Free,LegalTech,1-10,paid_search,383,2,0,3,3,none,0,0,0.0,-1,2026-06-23
cus_UksKbLWO0N6t7I,James Wilson,james.wilson822@startup.co,Enterprise,AgriTech,1000+,content,169,15,8,0,10,active,0,1,299.0,0,2026-06-23
cus_UksKTAbjXzRvSW,Mason Ali,mason.ali444@startup.co,Enterprise,PropTech,1000+,referral,502,16,10,0,5,active,0,1,299.0,0,2026-06-23
cus_UksKHPRPWYkI6d,Rahul Chaudhry,rahul.chaudhry730@company.io,Free,LegalTech,1-10,referral,324,1,0,2,4,none,0,0,0.0,-1,2026-06-23
cus_UksKbKsj7z9vhX,Omar Sheikh,omar.sheikh564@company.io,Free,PropTech,1-10,referral,443,6,1,0,4,none,0,0,0.0,-1,2026-06-23
cus_UksKHTbq3x8s6m,Aiden Mehta,aiden.mehta446@startup.co,Enterprise,LegalTech,1000+,organic,533,13,16,0,4,active,0,1,299.0,0,2026-06-23
cus_UksKfzFDUxFQC0,Hassan Nair,hassan.nair715@gmail.com,Free,PropTech,51-200,referral,720,13,0,1,3,none,0,0,0.0,-1,2026-06-23
cus_UksKhEJaYUk0JT,Harper Gupta,harper.gupta545@tech.org,Free,LegalTech,51-200,product_hunt,612,5,5,0,0,none,0,0,0.0,-1,2026-06-23
cus_UksKVR2lPOaBAk,Charlotte Malik,charlotte.malik569@gmail.com,Pro,HealthTech,1-10,organic,269,11,5,0,5,active,0,1,99.0,0,2026-06-23
cus_UksKOemaq0QR17,Sophia Wilson,sophia.wilson464@gmail.com,Enterprise,E-commerce,11-50,paid_search,242,14,12,0,8,active,0,1,299.0,0,2026-06-23
cus_UksKY97z50sqVG,Bilal Malik,bilal.malik893@startup.co,Free,AgriTech,1-10,product_hunt,650,0,0,0,7,none,0,0,0.0,-1,2026-06-23
cus_UksKvqYhpwBSig,Elijah Wilson,elijah.wilson561@gmail.com,Starter,AgriTech,51-200,organic,218,8,3,1,4,active,0,1,29.0,0,2026-06-23
cus_UksKno64JOcVQV,Isabella Patel,isabella.patel561@gmail.com,Enterprise,PropTech,1-10,organic,333,15,14,0,7,active,0,1,299.0,0,2026-06-23
cus_UksKwDvW2yXLyq,Ava Sharma,ava.sharma725@company.io,Free,SaaS,1000+,paid_search,153,4,4,1,3,none,0,0,0.0,-1,2026-06-23
cus_UksKwj3cTzm6iu,Aiden Moore,aiden.moore539@corp.com,Pro,SaaS,51-200,paid_search,47,10,13,0,9,active,0,1,99.0,0,2026-06-23
cus_UksKpMDElSqvtd,Priya Wilson,priya.wilson074@company.io,Free,EdTech,201-1000,content,294,5,0,1,5,none,0,0,0.0,-1,2026-06-23
cus_UksKgXFyugKIcC,Amelia Sharma,amelia.sharma756@company.io,Pro,HRTech,1-10,social,636,13,4,2,9,active,0,1,99.0,0,2026-06-23
cus_UksK0264ZHjt1H,Fatima Brown,fatima.brown479@company.io,Starter,MarTech,1000+,product_hunt,460,2,6,1,4,canceled,0,1,29.0,0,2026-06-23
cus_UksKWCqV9DPVoE,Mia Brown,mia.brown734@tech.org,Free,HRTech,1-10,product_hunt,672,1,0,0,1,none,0,0,0.0,-1,2026-06-23
cus_UksKPQrTk9lWAa,Bilal Hassan,bilal.hassan036@tech.org,Free,LegalTech,201-1000,content,650,0,0,1,6,none,0,0,0.0,-1,2026-06-23
cus_UksKQ1mPrrfqnH,Oliver Hussein,oliver.hussein165@company.io,Free,EdTech,201-1000,content,697,4,2,2,2,none,0,0,0.0,-1,2026-06-23
cus_UksKLmg8Hbp8iD,Sophia Gupta,sophia.gupta200@corp.com,Free,SaaS,1-10,paid_search,365,0,6,0,7,none,0,0,0.0,-1,2026-06-23
cus_UksKwveAnTuRMv,Ananya Hassan,ananya.hassan956@gmail.com,Starter,FinTech,201-1000,referral,714,6,7,1,8,active,0,1,29.0,0,2026-06-23
cus_UksJS22IM2Bizz,Hassan Singh,hassan.singh577@corp.com,Starter,EdTech,201-1000,referral,50,0,6,0,7,active,0,1,29.0,0,2026-06-23
cus_UksJdEZpk1cwJr,Yusuf Williams,yusuf.williams434@gmail.com,Free,E-commerce,11-50,social,357,3,3,0,2,none,0,0,0.0,-1,2026-06-23
cus_UksJ6ABqsLqpfm,Rahul Chaudhry,rahul.chaudhry274@venture.ai,Pro,EdTech,51-200,social,591,13,14,0,8,active,0,1,99.0,0,2026-06-23
cus_UksJYPpvgcSeCv,Pooja Johnson,pooja.johnson695@corp.com,Free,PropTech,1000+,content,560,0,0,1,5,none,0,0,0.0,-1,2026-06-23
cus_UksJVszvZ33WlK,Nour Siddiqui,nour.siddiqui642@venture.ai,Free,E-commerce,1-10,social,516,2,0,2,3,none,0,0,0.0,-1,2026-06-23
cus_UksJupkpgo765k,Mohammed Malik,mohammed.malik660@tech.org,Starter,EdTech,51-200,referral,553,9,1,1,6,active,0,1,29.0,0,2026-06-23
cus_UksJCT2gZTR09I,Dev Khan,dev.khan327@gmail.com,Free,AgriTech,51-200,social,460,1,0,0,4,none,0,0,0.0,-1,2026-06-23
cus_UksJ5Or3NFNK4X,Ava Patel,ava.patel873@venture.ai,Pro,MarTech,201-1000,paid_search,716,3,12,1,5,active,0,1,99.0,0,2026-06-23
cus_UksJkvQk8UHniO,Lucas Iyer,lucas.iyer181@tech.org,Starter,E-commerce,201-1000,organic,69,0,6,0,8,active,0,1,29.0,0,2026-06-23
cus_UksJHttghWhmWf,Amelia Siddiqui,amelia.siddiqui959@venture.ai,Free,FinTech,51-200,referral,366,6,4,0,6,none,0,0,0.0,-1,2026-06-23
cus_UksJVdDQXgbhPx,Mia Wilson,mia.wilson284@corp.com,Free,MarTech,11-50,referral,715,4,5,1,5,none,0,0,0.0,-1,2026-06-23
cus_UksJFOUqo7UaDo,Aisha Chaudhry,aisha.chaudhry898@company.io,Pro,LegalTech,1-10,referral,392,15,3,0,2,active,0,1,99.0,0,2026-06-23
cus_UksJFj0VKMcV7C,Yusuf Johnson,yusuf.johnson399@startup.co,Free,E-commerce,51-200,referral,182,4,0,1,5,none,0,0,0.0,-1,2026-06-23
cus_UksJe22cIL6DbC,Meera Sheikh,meera.sheikh147@startup.co,Enterprise,SaaS,1-10,organic,679,14,14,0,5,canceled,0,1,299.0,0,2026-06-23
cus_UksJL5dXv9L5lI,Charlotte Brown,charlotte.brown726@company.io,Enterprise,MarTech,1000+,social,167,18,10,0,9,active,0,1,299.0,0,2026-06-23
cus_UksJ8k8XGtsS1V,James Chaudhry,james.chaudhry696@startup.co,Free,E-commerce,1000+,paid_search,387,2,4,0,5,none,0,0,0.0,-1,2026-06-23
cus_UksJfysKBKQ4o5,Mia Wilson,mia.wilson065@gmail.com,Free,FinTech,1-10,product_hunt,351,0,4,1,6,none,0,0,0.0,-1,2026-06-23
cus_UksJKBmspmMNOD,Bilal Williams,bilal.williams500@company.io,Starter,AgriTech,1000+,product_hunt,100,4,3,2,8,active,0,1,29.0,0,2026-06-23
cus_UksJHsPJM09mtY,Fatima Jones,fatima.jones705@gmail.com,Pro,SaaS,1000+,referral,707,10,10,1,8,active,0,1,99.0,0,2026-06-23
cus_UksJJVBtorC42o,Emma Kumar,emma.kumar039@corp.com,Enterprise,PropTech,51-200,social,272,12,14,0,8,active,0,1,299.0,0,2026-06-23
cus_UksJcy2RE5I2wL,Ava Miller,ava.miller485@gmail.com,Free,E-commerce,1000+,organic,284,0,1,1,7,none,0,0,0.0,-1,2026-06-23
cus_UksJg22LEn1XZh,Ava Brown,ava.brown066@venture.ai,Free,E-commerce,201-1000,content,446,4,3,0,6,none,0,0,0.0,-1,2026-06-23
cus_UksJaGMa4nDuTi,James Chaudhry,james.chaudhry219@corp.com,Free,AgriTech,1000+,social,264,4,2,0,4,none,0,0,0.0,-1,2026-06-23
cus_UksJBEbw6uWT3i,Evelyn Singh,evelyn.singh200@gmail.com,Enterprise,SaaS,11-50,product_hunt,235,19,13,0,8,active,0,1,299.0,0,2026-06-23
cus_UksJfofOP3Zn8z,Aiden Hassan,aiden.hassan691@company.io,Free,SaaS,1000+,social,110,0,2,1,1,none,0,0,0.0,-1,2026-06-23
cus_UksI4527lwoe1m,Emma Rao,emma.rao098@corp.com,Starter,MarTech,11-50,organic,412,11,3,1,4,canceled,0,1,29.0,0,2026-06-23
cus_UksIq3BE5gaMzu,Priya Brown,priya.brown251@venture.ai,Free,FinTech,51-200,content,303,1,3,3,5,none,0,0,0.0,-1,2026-06-23
cus_UksIBepJWRXPn3,Elijah Siddiqui,elijah.siddiqui354@gmail.com,Enterprise,MarTech,1000+,organic,123,18,16,0,5,active,0,1,299.0,0,2026-06-23
cus_UksIDmRhQdqo51,Fatima Singh,fatima.singh525@venture.ai,Starter,AgriTech,201-1000,paid_search,247,8,2,1,6,active,0,1,29.0,0,2026-06-23
cus_UksIARNd8oG7G5,Amelia Rahman,amelia.rahman203@gmail.com,Pro,MarTech,1-10,referral,418,7,6,0,3,active,0,1,99.0,0,2026-06-23
cus_UksIQ25tb9H9eY,Isabella Siddiqui,isabella.siddiqui367@startup.co,Pro,FinTech,1000+,content,111,11,10,0,5,active,0,1,99.0,0,2026-06-23
cus_UksIDslj6m0Pd4,Oliver Hassan,oliver.hassan868@startup.co,Starter,AgriTech,11-50,content,300,3,5,1,5,active,0,1,29.0,0,2026-06-23
cus_UksIjSFyLppUQT,Vikram Davis,vikram.davis631@company.io,Starter,HRTech,1-10,organic,588,2,5,1,3,active,0,1,29.0,0,2026-06-23
cus_UksIvPcnQfDG6i,Mia Davis,mia.davis402@tech.org,Starter,SaaS,1000+,organic,311,5,6,0,3,canceled,0,1,29.0,0,2026-06-23
cus_UkCdWo5HEtOxII,Elijah Siddiqui,elijah.siddiqui354@gmail.com,Enterprise,MarTech,1000+,organic,123,18,16,0,5,none,0,0,0.0,-1,2026-06-21
cus_UkCdGf7TAniKa2,Fatima Singh,fatima.singh525@venture.ai,Starter,AgriTech,201-1000,paid_search,247,8,2,1,6,active,0,1,29.0,1,2026-06-21
cus_UkCdE3PJD0f3J0,Amelia Rahman,amelia.rahman203@gmail.com,Pro,MarTech,1-10,referral,418,7,6,0,3,active,0,1,99.0,1,2026-06-21
cus_UkCdkbQDemZqsE,Isabella Siddiqui,isabella.siddiqui367@startup.co,Pro,FinTech,1000+,content,111,11,10,0,5,active,0,1,99.0,1,2026-06-21
cus_UkCdCKcVzHCgNi,Oliver Hassan,oliver.hassan868@startup.co,Starter,AgriTech,11-50,content,300,3,5,1,5,active,0,1,29.0,1,2026-06-21
cus_UkCd3lhbvarSyH,Vikram Davis,vikram.davis631@company.io,Starter,HRTech,1-10,organic,588,2,5,1,3,active,0,1,29.0,1,2026-06-21
cus_UkCdDFJqNgWi75,Mia Davis,mia.davis402@tech.org,Starter,SaaS,1000+,organic,311,5,6,0,3,canceled,0,1,29.0,1,2026-06-21
